Date,Children apprehended and placed in CBP custody*,Children in CBP custody,Children transferred out of CBP custody,Children in HHS Care,Children discharged from HHS Care,lag_1,lag_7,lag_14,rolling_mean_7,rolling_mean_14,Net_Pressure,DayOfWeek,Month,Stress_Flag
2023-02-09,124.0,234.0,161.0,7908.0,353.0,7915.0,7803.0,6566.0,7823.714285714285,7654.071428571428,-192.0,3,2,0
2023-02-12,92.0,203.0,173.0,7434.0,317.0,7908.0,7903.0,7122.0,7756.714285714285,7676.357142857143,-144.0,6,2,0
2023-02-13,186.0,259.0,172.0,7483.0,244.0,7434.0,7879.0,7280.0,7700.142857142857,7690.857142857143,-72.0,0,2,0
2023-02-14,154.0,225.0,220.0,7794.0,223.0,7483.0,7586.0,7433.0,7729.857142857143,7716.642857142857,-3.0,1,2,0
2023-02-15,91.0,199.0,172.0,7869.0,290.0,7794.0,7720.0,7538.0,7751.142857142857,7740.285714285715,-118.0,2,2,0
2023-02-16,81.0,213.0,153.0,7793.0,361.0,7869.0,7855.0,7472.0,7742.285714285715,7763.214285714285,-208.0,3,2,0
2023-02-20,209.0,285.0,184.0,7817.0,209.0,7793.0,7915.0,7743.0,7728.285714285715,7768.5,-25.0,0,2,0
2023-02-21,184.0,314.0,217.0,7967.0,213.0,7817.0,7908.0,7803.0,7736.714285714285,7780.214285714285,4.0,1,2,1
2023-02-22,107.0,215.0,230.0,7978.0,232.0,7967.0,7434.0,7903.0,7814.428571428572,7785.571428571428,-2.0,2,2,0
2023-02-23,101.0,162.0,178.0,7914.0,386.0,7978.0,7483.0,7879.0,7876.0,7788.071428571428,-208.0,3,2,0
2023-02-26,99.0,190.0,176.0,7609.0,323.0,7914.0,7794.0,7586.0,7849.571428571428,7789.714285714285,-147.0,6,2,0
2023-02-27,167.0,239.0,166.0,7800.0,248.0,7609.0,7869.0,7720.0,7839.714285714285,7795.428571428572,-82.0,0,2,0
2023-02-28,115.0,216.0,169.0,7896.0,200.0,7800.0,7793.0,7855.0,7854.428571428572,7798.357142857143,-31.0,1,2,0
2023-03-01,84.0,158.0,193.0,7930.0,307.0,7896.0,7817.0,7915.0,7870.571428571428,7799.428571428572,-114.0,2,3,0
2023-03-02,130.0,227.0,192.0,7870.0,335.0,7930.0,7967.0,7908.0,7856.714285714285,7796.714285714285,-143.0,3,3,0
2023-03-07,88.0,214.0,160.0,7859.0,259.0,7870.0,7978.0,7434.0,7839.714285714285,7827.071428571428,-99.0,1,3,0
2023-03-08,113.0,208.0,159.0,7885.0,291.0,7859.0,7914.0,7483.0,7835.571428571428,7855.785714285715,-132.0,2,3,0
2023-03-09,174.0,285.0,150.0,7786.0,340.0,7885.0,7609.0,7794.0,7860.857142857143,7855.214285714285,-190.0,3,3,0
2023-03-13,104.0,230.0,206.0,7567.0,249.0,7786.0,7800.0,7869.0,7827.571428571428,7833.642857142857,-43.0,0,3,0
2023-03-14,147.0,276.0,214.0,7810.0,181.0,7567.0,7896.0,7793.0,7815.285714285715,7834.857142857143,33.0,1,3,1
2023-03-15,108.0,220.0,213.0,7915.0,286.0,7810.0,7930.0,7817.0,7813.142857142857,7841.857142857143,-73.0,2,3,0
2023-03-16,180.0,280.0,146.0,7989.0,308.0,7915.0,7870.0,7967.0,7830.142857142857,7843.428571428572,-162.0,3,3,0
2023-03-19,134.0,294.0,186.0,7885.0,306.0,7989.0,7859.0,7978.0,7833.857142857143,7836.785714285715,-120.0,6,3,0
2023-03-20,202.0,313.0,158.0,7931.0,279.0,7885.0,7885.0,7914.0,7840.428571428572,7838.0,-121.0,0,3,0
2023-03-21,110.0,272.0,193.0,8050.0,221.0,7931.0,7786.0,7609.0,7878.142857142857,7869.5,-28.0,1,3,0
2023-03-22,166.0,277.0,229.0,8097.0,246.0,8050.0,7567.0,7800.0,7953.857142857143,7890.714285714285,-17.0,2,3,0
2023-03-23,136.0,276.0,178.0,8102.0,331.0,8097.0,7810.0,7896.0,7995.571428571428,7905.428571428572,-153.0,3,3,0
2023-03-26,87.0,246.0,173.0,7847.0,352.0,8102.0,7915.0,7930.0,7985.857142857143,7899.5,-179.0,6,3,0
2023-03-27,84.0,171.0,157.0,7994.0,235.0,7847.0,7989.0,7870.0,7986.571428571428,7908.357142857143,-78.0,0,3,0
2023-03-28,167.0,209.0,157.0,8079.0,223.0,7994.0,7885.0,7859.0,8014.285714285715,7924.071428571428,-66.0,1,3,0
2023-03-29,109.0,245.0,159.0,8208.0,267.0,8079.0,7931.0,7885.0,8053.857142857143,7947.142857142857,-108.0,2,3,0
2023-03-30,156.0,256.0,176.0,8158.0,359.0,8208.0,8050.0,7786.0,8069.285714285715,7973.714285714285,-183.0,3,3,0
2023-04-02,125.0,232.0,192.0,7981.0,304.0,8158.0,8097.0,7567.0,8052.714285714285,8003.285714285715,-112.0,6,4,0
2023-04-03,118.0,139.0,168.0,8054.0,284.0,7981.0,8102.0,7810.0,8045.857142857143,8020.714285714285,-116.0,0,4,0
2023-04-04,142.0,235.0,139.0,8068.0,259.0,8054.0,7847.0,7915.0,8077.428571428572,8031.642857142857,-120.0,1,4,0
2023-04-05,148.0,245.0,175.0,8175.0,260.0,8068.0,7994.0,7989.0,8103.285714285715,8044.928571428572,-85.0,2,4,0
2023-04-06,119.0,219.0,210.0,8178.0,284.0,8175.0,8079.0,7885.0,8117.428571428572,8065.857142857143,-74.0,3,4,0
2023-04-09,105.0,210.0,149.0,7900.0,329.0,8178.0,8208.0,7931.0,8073.428571428572,8063.642857142857,-180.0,6,4,0
2023-04-10,143.0,203.0,163.0,7826.0,265.0,7900.0,8158.0,8050.0,8026.0,8047.642857142857,-102.0,0,4,0
2023-04-11,119.0,209.0,152.0,7922.0,187.0,7826.0,7981.0,8097.0,8017.571428571428,8035.142857142857,-35.0,1,4,0
2023-04-12,155.0,212.0,181.0,7876.0,283.0,7922.0,8054.0,8102.0,7992.142857142857,8019.0,-102.0,2,4,0
2023-04-13,109.0,214.0,173.0,7795.0,370.0,7876.0,8068.0,7847.0,7953.142857142857,8015.285714285715,-197.0,3,4,0
2023-04-16,191.0,283.0,192.0,7380.0,272.0,7795.0,8175.0,7994.0,7839.571428571428,7971.428571428572,-80.0,6,4,0
2023-04-17,170.0,297.0,196.0,7344.0,248.0,7380.0,8178.0,8079.0,7720.428571428572,7918.928571428572,-52.0,0,4,0
2023-04-18,152.0,272.0,214.0,7376.0,234.0,7344.0,7900.0,8208.0,7645.571428571428,7859.5,-20.0,1,4,0
2023-04-19,239.0,367.0,224.0,7356.0,229.0,7376.0,7826.0,8158.0,7578.428571428572,7802.214285714285,-5.0,2,4,0
2023-04-20,113.0,280.0,237.0,7490.0,320.0,7356.0,7922.0,7981.0,7516.714285714285,7767.142857142857,-83.0,3,4,0
2023-04-23,196.0,306.0,187.0,7534.0,266.0,7490.0,7876.0,8054.0,7467.857142857143,7730.0,-79.0,6,4,0
2023-04-24,236.0,330.0,222.0,7796.0,213.0,7534.0,7795.0,8068.0,7468.0,7710.571428571428,9.0,0,4,1
2023-04-25,81.0,230.0,242.0,8017.0,202.0,7796.0,7380.0,8175.0,7559.0,7699.285714285715,40.0,1,4,1
2023-04-26,118.0,245.0,160.0,8117.0,256.0,8017.0,7344.0,8178.0,7669.428571428572,7694.928571428572,-96.0,2,4,0
2023-04-27,218.0,283.0,208.0,8159.0,310.0,8117.0,7376.0,7900.0,7781.285714285715,7713.428571428572,-102.0,3,4,0
2023-04-30,132.0,243.0,183.0,8352.0,293.0,8159.0,7356.0,7826.0,7923.571428571428,7751.0,-110.0,6,4,0
2023-05-01,224.0,315.0,152.0,8492.0,237.0,8352.0,7490.0,7922.0,8066.714285714285,7791.714285714285,-85.0,0,5,0
2023-05-02,167.0,326.0,213.0,8654.0,245.0,8492.0,7534.0,7876.0,8226.714285714286,7847.285714285715,-32.0,1,5,0
2023-05-03,209.0,353.0,232.0,8704.0,267.0,8654.0,7796.0,7795.0,8356.42857142857,7912.214285714285,-35.0,2,5,0
2023-05-04,153.0,253.0,286.0,8790.0,332.0,8704.0,8017.0,7380.0,8466.857142857143,8012.928571428572,-46.0,3,5,0
2023-05-07,180.0,337.0,219.0,8485.0,375.0,8790.0,8117.0,7344.0,8519.42857142857,8094.428571428572,-156.0,6,5,0
2023-05-08,133.0,287.0,189.0,8590.0,261.0,8485.0,8159.0,7376.0,8581.0,8181.142857142857,-72.0,0,5,0
2023-05-09,187.0,310.0,247.0,8606.0,250.0,8590.0,8352.0,7356.0,8617.285714285714,8270.42857142857,-3.0,1,5,0
2023-05-10,168.0,285.0,210.0,8681.0,304.0,8606.0,8492.0,7490.0,8644.285714285714,8355.5,-94.0,2,5,0
2023-05-11,269.0,412.0,204.0,8672.0,392.0,8681.0,8654.0,7534.0,8646.857142857143,8436.785714285714,-188.0,3,5,0
2023-05-14,100.0,255.0,236.0,8445.0,288.0,8672.0,8704.0,7796.0,8609.857142857143,8483.142857142857,-52.0,6,5,0
2023-05-15,205.0,294.0,177.0,8571.0,277.0,8445.0,8790.0,8017.0,8578.57142857143,8522.714285714286,-100.0,0,5,0
2023-05-16,161.0,304.0,211.0,8572.0,272.0,8571.0,8485.0,8117.0,8591.0,8555.214285714286,-61.0,1,5,0
2023-05-17,57.0,162.0,193.0,8569.0,307.0,8572.0,8590.0,8159.0,8588.0,8584.5,-114.0,2,5,0
2023-05-18,80.0,122.0,152.0,8474.0,351.0,8569.0,8606.0,8352.0,8569.142857142857,8593.214285714286,-199.0,3,5,0
2023-05-21,107.0,170.0,133.0,7826.0,343.0,8474.0,8681.0,8492.0,8447.0,8545.642857142857,-210.0,6,5,0
2023-05-22,99.0,156.0,139.0,7848.0,240.0,7826.0,8672.0,8654.0,8329.285714285714,8488.07142857143,-101.0,0,5,0
2023-05-23,25.0,66.0,94.0,7788.0,246.0,7848.0,8445.0,8704.0,8235.42857142857,8422.642857142857,-152.0,1,5,0
2023-05-24,35.0,70.0,53.0,7709.0,276.0,7788.0,8571.0,8790.0,8112.285714285715,8345.42857142857,-223.0,2,5,0
2023-05-25,43.0,73.0,64.0,7546.0,408.0,7709.0,8572.0,8485.0,7965.714285714285,8278.357142857143,-344.0,3,5,0
2023-05-29,41.0,60.0,71.0,6996.0,207.0,7546.0,8569.0,8590.0,7741.0,8164.5,-136.0,0,5,0
2023-05-30,65.0,83.0,65.0,7046.0,168.0,6996.0,8474.0,8606.0,7537.0,8053.071428571428,-103.0,1,5,0
2023-05-31,38.0,80.0,82.0,7053.0,210.0,7046.0,7826.0,8681.0,7426.571428571428,7936.785714285715,-128.0,2,5,0
2023-06-01,56.0,82.0,68.0,7002.0,287.0,7053.0,7848.0,8672.0,7305.714285714285,7817.5,-219.0,3,6,0
2023-06-04,74.0,103.0,80.0,6555.0,292.0,7002.0,7788.0,8445.0,7129.571428571428,7682.5,-212.0,6,6,0
2023-06-05,68.0,107.0,102.0,6523.0,189.0,6555.0,7709.0,8571.0,6960.142857142857,7536.214285714285,-87.0,0,6,0
2023-06-06,92.0,124.0,93.0,6508.0,187.0,6523.0,7546.0,8572.0,6811.857142857143,7388.785714285715,-94.0,1,6,0
2023-06-07,113.0,162.0,107.0,6483.0,208.0,6508.0,6996.0,8569.0,6738.571428571428,7239.785714285715,-101.0,2,6,0
2023-06-08,106.0,196.0,131.0,6446.0,255.0,6483.0,7046.0,8474.0,6652.857142857143,7094.928571428572,-124.0,3,6,0
2023-06-11,86.0,152.0,168.0,6007.0,238.0,6446.0,7053.0,7826.0,6503.428571428572,6965.0,-70.0,6,6,0
2023-06-12,84.0,118.0,136.0,6021.0,177.0,6007.0,7002.0,7848.0,6363.285714285715,6834.5,-41.0,0,6,0
2023-06-13,59.0,64.0,117.0,6061.0,146.0,6021.0,6555.0,7788.0,6292.714285714285,6711.142857142857,-29.0,1,6,0
2023-06-14,62.0,97.0,52.0,6065.0,167.0,6061.0,6523.0,7709.0,6227.285714285715,6593.714285714285,-115.0,2,6,0
2023-06-15,91.0,75.0,97.0,6038.0,272.0,6065.0,6508.0,7546.0,6160.142857142857,6486.0,-175.0,3,6,0
2023-06-19,29.0,51.0,11.0,5679.0,142.0,6038.0,6483.0,6996.0,6045.285714285715,6391.928571428572,-131.0,0,6,0
2023-06-20,33.0,53.0,34.0,5904.0,134.0,5679.0,6446.0,7046.0,5967.857142857143,6310.357142857143,-100.0,1,6,0
2023-06-21,93.0,196.0,169.0,5922.0,149.0,5904.0,6007.0,7053.0,5955.714285714285,6229.571428571428,20.0,2,6,1
2023-06-22,124.0,234.0,161.0,5956.0,207.0,5922.0,6021.0,7002.0,5946.428571428572,6154.857142857143,-46.0,3,6,0
2023-06-25,92.0,203.0,173.0,5766.0,263.0,5956.0,6061.0,6555.0,5904.285714285715,6098.5,-90.0,6,6,0
2023-06-26,186.0,259.0,172.0,5819.0,174.0,5766.0,6065.0,6523.0,5869.142857142857,6048.214285714285,-2.0,0,6,0
2023-06-27,154.0,225.0,220.0,5917.0,155.0,5819.0,6038.0,6508.0,5851.857142857143,6006.0,65.0,1,6,1
2023-06-28,91.0,199.0,172.0,5999.0,174.0,5917.0,5679.0,6483.0,5897.571428571428,5971.428571428572,-2.0,2,6,0
2023-06-29,81.0,213.0,153.0,6058.0,213.0,5999.0,5904.0,6446.0,5919.571428571428,5943.714285714285,-60.0,3,6,0
2023-07-02,209.0,285.0,184.0,5903.0,309.0,6058.0,5922.0,6007.0,5916.857142857143,5936.285714285715,-125.0,6,7,0
2023-07-04,184.0,314.0,217.0,6127.0,124.0,5903.0,5956.0,6021.0,5941.285714285715,5943.857142857143,93.0,1,7,1
2023-07-05,107.0,215.0,230.0,6193.0,167.0,6127.0,5766.0,6061.0,6002.285714285715,5953.285714285715,63.0,2,7,1
2023-07-06,101.0,162.0,178.0,6239.0,205.0,6193.0,5819.0,6065.0,6062.285714285715,5965.714285714285,-27.0,3,7,0
2023-07-09,99.0,190.0,176.0,6214.0,196.0,6239.0,5917.0,6038.0,6104.714285714285,5978.285714285715,-20.0,6,7,0
2023-07-10,167.0,239.0,166.0,6346.0,163.0,6214.0,5999.0,5679.0,6154.285714285715,6025.928571428572,3.0,0,7,1
2023-07-11,115.0,216.0,169.0,6498.0,143.0,6346.0,6058.0,5904.0,6217.142857142857,6068.357142857143,26.0,1,7,1
2023-07-12,84.0,158.0,193.0,6521.0,210.0,6498.0,5903.0,5922.0,6305.428571428572,6111.142857142857,-17.0,2,7,0
2023-07-13,130.0,227.0,192.0,6604.0,226.0,6521.0,6127.0,5956.0,6373.571428571428,6157.428571428572,-34.0,3,7,0
2023-07-16,88.0,214.0,160.0,6468.0,218.0,6604.0,6193.0,5766.0,6412.857142857143,6207.571428571428,-58.0,6,7,0
2023-07-17,113.0,208.0,159.0,6632.0,160.0,6468.0,6239.0,5819.0,6469.0,6265.642857142857,-1.0,0,7,0
2023-07-18,174.0,285.0,150.0,6874.0,181.0,6632.0,6214.0,5917.0,6563.285714285715,6334.0,-31.0,1,7,0
2023-07-19,104.0,230.0,206.0,7001.0,226.0,6874.0,6346.0,5999.0,6656.857142857143,6405.571428571428,-20.0,2,7,0
2023-07-20,147.0,276.0,214.0,7116.0,281.0,7001.0,6498.0,6058.0,6745.142857142857,6481.142857142857,-67.0,3,7,0
2023-07-23,108.0,220.0,213.0,7052.0,276.0,7116.0,6521.0,5903.0,6821.0,6563.214285714285,-63.0,6,7,0
2023-07-24,180.0,280.0,146.0,7220.0,187.0,7052.0,6604.0,6127.0,6909.0,6641.285714285715,-41.0,0,7,0
2023-07-25,134.0,294.0,186.0,7510.0,136.0,7220.0,6468.0,6193.0,7057.857142857143,6735.357142857143,50.0,1,7,1
2023-07-26,202.0,313.0,158.0,7647.0,215.0,7510.0,6632.0,6239.0,7202.857142857143,6835.928571428572,-57.0,2,7,0
2023-07-27,110.0,272.0,193.0,7754.0,259.0,7647.0,6874.0,6214.0,7328.571428571428,6945.928571428572,-66.0,3,7,0
2023-07-30,166.0,277.0,229.0,7671.0,305.0,7754.0,7001.0,6346.0,7424.285714285715,7040.571428571428,-76.0,6,7,0
2023-07-31,136.0,276.0,178.0,7800.0,220.0,7671.0,7116.0,6498.0,7522.0,7133.571428571428,-42.0,0,7,0
2023-08-01,87.0,246.0,173.0,8103.0,168.0,7800.0,7052.0,6521.0,7672.142857142857,7246.571428571428,5.0,1,8,1
2023-08-02,84.0,171.0,157.0,8261.0,271.0,8103.0,7220.0,6604.0,7820.857142857143,7364.928571428572,-114.0,2,8,0
2023-08-03,167.0,209.0,157.0,8294.0,339.0,8261.0,7510.0,6468.0,7932.857142857143,7495.357142857143,-182.0,3,8,0
2023-08-06,109.0,245.0,159.0,8298.0,322.0,8294.0,7647.0,6632.0,8025.857142857143,7614.357142857143,-163.0,6,8,0
2023-08-07,156.0,256.0,176.0,8493.0,202.0,8298.0,7754.0,6874.0,8131.428571428572,7730.0,-26.0,0,8,0
2023-08-08,125.0,232.0,192.0,8725.0,207.0,8493.0,7671.0,7001.0,8282.0,7853.142857142857,-15.0,1,8,0
2023-08-09,118.0,139.0,168.0,8888.0,251.0,8725.0,7800.0,7116.0,8437.42857142857,7979.714285714285,-83.0,2,8,0
2023-08-10,142.0,235.0,139.0,8914.0,353.0,8888.0,8103.0,7052.0,8553.285714285714,8112.714285714285,-214.0,3,8,0
2023-08-16,148.0,245.0,175.0,9634.0,288.0,8914.0,8261.0,7220.0,8749.42857142857,8285.142857142857,-113.0,2,8,0
2023-08-17,119.0,219.0,210.0,9694.0,407.0,9634.0,8294.0,7510.0,8949.42857142857,8441.142857142857,-197.0,3,8,0
2023-08-20,105.0,210.0,149.0,9483.0,390.0,9694.0,8298.0,7647.0,9118.714285714286,8572.285714285714,-241.0,6,8,0
2023-08-21,143.0,203.0,163.0,9668.0,281.0,9483.0,8493.0,7754.0,9286.57142857143,8709.0,-118.0,0,8,0
2023-08-22,119.0,209.0,152.0,9921.0,230.0,9668.0,8725.0,7671.0,9457.42857142857,8869.714285714286,-78.0,1,8,0
2023-08-23,155.0,212.0,181.0,10071.0,285.0,9921.0,8888.0,7800.0,9626.42857142857,9031.92857142857,-104.0,2,8,0
2023-08-24,109.0,214.0,173.0,10026.0,443.0,10071.0,8914.0,8103.0,9785.285714285714,9169.285714285714,-270.0,3,8,0
2023-08-27,191.0,283.0,192.0,9873.0,488.0,10026.0,9634.0,8261.0,9819.42857142857,9284.42857142857,-296.0,6,8,0
2023-08-28,170.0,297.0,196.0,10012.0,388.0,9873.0,9694.0,8294.0,9864.857142857143,9407.142857142857,-192.0,0,8,0
2023-08-29,152.0,272.0,214.0,10180.0,286.0,10012.0,9483.0,8298.0,9964.42857142857,9541.57142857143,-72.0,1,8,0
2023-08-30,239.0,367.0,224.0,10280.0,366.0,10180.0,9668.0,8493.0,10051.857142857143,9669.214285714286,-142.0,2,8,0
2023-08-31,113.0,280.0,237.0,10140.0,505.0,10280.0,9921.0,8725.0,10083.142857142857,9770.285714285714,-268.0,3,8,0
2023-09-04,196.0,306.0,187.0,9988.0,293.0,10140.0,10071.0,8888.0,10071.285714285714,9848.857142857143,-106.0,0,9,0
2023-09-05,236.0,330.0,222.0,10142.0,243.0,9988.0,10026.0,8914.0,10087.857142857143,9936.57142857143,-21.0,1,9,0
2023-09-06,81.0,230.0,242.0,10356.0,291.0,10142.0,9873.0,9634.0,10156.857142857143,9988.142857142857,-49.0,2,9,0
2023-09-07,118.0,245.0,160.0,10419.0,398.0,10356.0,10012.0,9694.0,10215.0,10039.92857142857,-238.0,3,9,0
2023-09-10,218.0,283.0,208.0,10282.0,382.0,10419.0,10180.0,9483.0,10229.57142857143,10097.0,-174.0,6,9,0
2023-09-11,132.0,243.0,183.0,10492.0,277.0,10282.0,10280.0,9668.0,10259.857142857143,10155.857142857143,-94.0,0,9,0
2023-09-12,224.0,315.0,152.0,10649.0,316.0,10492.0,10140.0,9921.0,10332.57142857143,10207.857142857143,-164.0,1,9,0
2023-09-13,167.0,326.0,213.0,10678.0,343.0,10649.0,9988.0,10071.0,10431.142857142857,10251.214285714286,-130.0,2,9,0
2023-09-14,209.0,353.0,232.0,10837.0,414.0,10678.0,10142.0,10026.0,10530.42857142857,10309.142857142857,-182.0,3,9,0
2023-09-17,153.0,253.0,286.0,10799.0,427.0,10837.0,10356.0,9873.0,10593.714285714286,10375.285714285714,-141.0,6,9,0
2023-09-18,180.0,337.0,219.0,10892.0,313.0,10799.0,10419.0,10012.0,10661.285714285714,10438.142857142857,-94.0,0,9,0
2023-09-19,133.0,287.0,189.0,11095.0,260.0,10892.0,10282.0,10180.0,10777.42857142857,10503.5,-71.0,1,9,0
2023-09-20,187.0,310.0,247.0,11064.0,364.0,11095.0,10492.0,10280.0,10859.142857142857,10559.5,-117.0,2,9,0
2023-09-21,168.0,285.0,210.0,11067.0,428.0,11064.0,10649.0,10140.0,10918.857142857143,10625.714285714286,-218.0,3,9,0
2023-09-24,269.0,412.0,204.0,10744.0,403.0,11067.0,10678.0,9988.0,10928.285714285714,10679.714285714286,-199.0,6,9,0
2023-09-25,100.0,255.0,236.0,10842.0,284.0,10744.0,10837.0,10142.0,10929.0,10729.714285714286,-48.0,0,9,0
2023-09-26,205.0,294.0,177.0,10978.0,332.0,10842.0,10799.0,10356.0,10954.57142857143,10774.142857142857,-155.0,1,9,0
2023-09-27,161.0,304.0,211.0,11017.0,331.0,10978.0,10892.0,10419.0,10972.42857142857,10816.857142857143,-120.0,2,9,0
2023-09-28,57.0,162.0,193.0,10984.0,447.0,11017.0,11095.0,10282.0,10956.57142857143,10867.0,-254.0,3,9,0
2023-10-01,80.0,122.0,152.0,10598.0,493.0,10984.0,11064.0,10492.0,10890.0,10874.57142857143,-341.0,6,10,0
2023-10-02,107.0,170.0,133.0,10724.0,284.0,10598.0,11067.0,10649.0,10841.0,10879.92857142857,-151.0,0,10,0
2023-10-03,99.0,156.0,139.0,10818.0,287.0,10724.0,10744.0,10678.0,10851.57142857143,10889.92857142857,-148.0,1,10,0
2023-10-04,25.0,66.0,94.0,10963.0,330.0,10818.0,10842.0,10837.0,10868.857142857143,10898.92857142857,-236.0,2,10,0
2023-10-05,35.0,70.0,53.0,11130.0,427.0,10963.0,10978.0,10799.0,10890.57142857143,10922.57142857143,-374.0,3,10,0
2023-10-09,43.0,73.0,64.0,10815.0,282.0,11130.0,11017.0,10892.0,10861.714285714286,10917.07142857143,-218.0,0,10,0
2023-10-10,41.0,60.0,71.0,10910.0,257.0,10815.0,10984.0,11095.0,10851.142857142857,10903.857142857143,-186.0,1,10,0
2023-10-11,65.0,83.0,65.0,10960.0,266.0,10910.0,10598.0,11064.0,10902.857142857143,10896.42857142857,-201.0,2,10,0
2023-10-12,38.0,80.0,82.0,10992.0,398.0,10960.0,10724.0,11067.0,10941.142857142857,10891.07142857143,-316.0,3,10,0
2023-10-15,56.0,82.0,68.0,10571.0,434.0,10992.0,10818.0,10744.0,10905.857142857143,10878.714285714286,-366.0,6,10,0
2023-10-16,74.0,103.0,80.0,10629.0,331.0,10571.0,10963.0,10842.0,10858.142857142857,10863.5,-251.0,0,10,0
2023-10-17,68.0,107.0,102.0,10630.0,315.0,10629.0,11130.0,10978.0,10786.714285714286,10838.642857142857,-213.0,1,10,0
2023-10-18,92.0,124.0,93.0,10511.0,393.0,10630.0,10815.0,11017.0,10743.285714285714,10802.5,-300.0,2,10,0
2023-10-19,113.0,162.0,107.0,10319.0,406.0,10511.0,10910.0,10984.0,10658.857142857143,10755.0,-299.0,3,10,0
2023-10-22,106.0,196.0,131.0,9506.0,454.0,10319.0,10960.0,10598.0,10451.142857142857,10677.0,-323.0,6,10,0
2023-10-23,86.0,152.0,168.0,9436.0,327.0,9506.0,10992.0,10724.0,10228.857142857143,10585.0,-159.0,0,10,0
2023-10-24,84.0,118.0,136.0,9396.0,300.0,9436.0,10571.0,10818.0,10061.0,10483.42857142857,-164.0,1,10,0
2023-10-25,59.0,64.0,117.0,9351.0,293.0,9396.0,10629.0,10963.0,9878.42857142857,10368.285714285714,-176.0,2,10,0
2023-10-26,62.0,97.0,52.0,9235.0,390.0,9351.0,10630.0,11130.0,9679.142857142857,10232.92857142857,-338.0,3,10,0
2023-10-29,91.0,75.0,97.0,8925.0,418.0,9235.0,10511.0,10815.0,9452.57142857143,10097.92857142857,-321.0,6,10,0
2023-10-30,29.0,51.0,11.0,9026.0,278.0,8925.0,10319.0,10910.0,9267.857142857143,9963.357142857143,-267.0,0,10,0
2023-10-31,33.0,53.0,34.0,9072.0,295.0,9026.0,9506.0,10960.0,9205.857142857143,9828.5,-261.0,1,10,0
2023-11-01,132.0,235.0,197.0,9250.0,279.0,9072.0,9436.0,10992.0,9179.285714285714,9704.07142857143,-82.0,2,11,0
2023-11-02,174.0,208.0,256.0,9442.0,330.0,9250.0,9396.0,10571.0,9185.857142857143,9623.42857142857,-74.0,3,11,0
2023-11-05,123.0,230.0,167.0,9273.0,370.0,9442.0,9351.0,10629.0,9174.714285714286,9526.57142857143,-203.0,6,11,0
2023-11-06,123.0,233.0,159.0,9286.0,316.0,9273.0,9235.0,10630.0,9182.0,9430.57142857143,-157.0,0,11,0
2023-11-07,141.0,232.0,188.0,9483.0,231.0,9286.0,8925.0,10511.0,9261.714285714286,9357.142857142857,-43.0,1,11,0
2023-11-08,158.0,226.0,191.0,9634.0,310.0,9483.0,9026.0,10319.0,9348.57142857143,9308.214285714286,-119.0,2,11,0
2023-11-12,96.0,160.0,233.0,9477.0,313.0,9634.0,9072.0,9506.0,9406.42857142857,9306.142857142857,-80.0,6,11,0
2023-11-13,141.0,173.0,129.0,9510.0,287.0,9477.0,9250.0,9436.0,9443.57142857143,9311.42857142857,-158.0,0,11,0
2023-11-14,116.0,181.0,182.0,9665.0,247.0,9510.0,9442.0,9396.0,9475.42857142857,9330.642857142857,-65.0,1,11,0
2023-11-15,150.0,157.0,201.0,9762.0,316.0,9665.0,9273.0,9351.0,9545.285714285714,9360.0,-115.0,2,11,0
2023-11-16,80.0,176.0,125.0,9762.0,374.0,9762.0,9286.0,9235.0,9613.285714285714,9397.642857142857,-249.0,3,11,0
2023-11-19,116.0,188.0,164.0,9573.0,435.0,9762.0,9483.0,8925.0,9626.142857142857,9443.92857142857,-271.0,6,11,0
2023-11-20,105.0,185.0,158.0,9638.0,298.0,9573.0,9634.0,9026.0,9626.714285714286,9487.642857142857,-140.0,0,11,0
2023-11-21,136.0,246.0,123.0,9804.0,250.0,9638.0,9477.0,9072.0,9673.42857142857,9539.92857142857,-127.0,1,11,0
2023-11-23,128.0,228.0,177.0,9838.0,283.0,9804.0,9510.0,9250.0,9720.285714285714,9581.92857142857,-106.0,3,11,0
2023-11-26,90.0,196.0,205.0,9845.0,312.0,9838.0,9665.0,9442.0,9746.0,9610.714285714286,-107.0,6,11,0
2023-11-27,56.0,82.0,68.0,10123.0,214.0,9845.0,9762.0,9273.0,9797.57142857143,9671.42857142857,-146.0,0,11,0
2023-11-28,74.0,103.0,80.0,10223.0,223.0,10123.0,9762.0,9286.0,9863.42857142857,9738.357142857143,-143.0,1,11,0
2023-11-29,68.0,107.0,102.0,10398.0,284.0,10223.0,9573.0,9483.0,9981.285714285714,9803.714285714286,-182.0,2,11,0
2023-11-30,92.0,124.0,93.0,10536.0,320.0,10398.0,9638.0,9634.0,10109.57142857143,9868.142857142857,-227.0,3,11,0
2023-12-03,132.0,235.0,197.0,10579.0,417.0,10536.0,9804.0,9477.0,10220.285714285714,9946.857142857143,-220.0,6,12,0
2023-12-04,174.0,208.0,256.0,10635.0,273.0,10579.0,9838.0,9510.0,10334.142857142857,10027.214285714286,-17.0,0,12,0
2023-12-05,123.0,230.0,167.0,10761.0,261.0,10635.0,9845.0,9665.0,10465.0,10105.5,-94.0,1,12,0
2023-12-06,123.0,233.0,159.0,10832.0,376.0,10761.0,10123.0,9762.0,10566.285714285714,10181.92857142857,-217.0,2,12,0
2023-12-07,141.0,232.0,188.0,10897.0,466.0,10832.0,10223.0,9762.0,10662.57142857143,10263.0,-278.0,3,12,0
2023-12-10,158.0,226.0,191.0,10871.0,411.0,10897.0,10398.0,9573.0,10730.142857142857,10355.714285714286,-220.0,6,12,0
2023-12-11,96.0,160.0,233.0,10998.0,304.0,10871.0,10536.0,9638.0,10796.142857142857,10452.857142857143,-71.0,0,12,0
2023-12-12,141.0,173.0,129.0,11077.0,259.0,10998.0,10579.0,9804.0,10867.285714285714,10543.785714285714,-130.0,1,12,0
2023-12-13,116.0,181.0,182.0,11192.0,335.0,11077.0,10635.0,9838.0,10946.857142857143,10640.5,-153.0,2,12,0
2023-12-14,150.0,157.0,201.0,11242.0,396.0,11192.0,10761.0,9845.0,11015.57142857143,10740.285714285714,-195.0,3,12,0
2023-12-17,80.0,176.0,125.0,11092.0,456.0,11242.0,10832.0,10123.0,11052.714285714286,10809.5,-331.0,6,12,0
2023-12-18,116.0,188.0,164.0,11149.0,364.0,11092.0,10897.0,10223.0,11088.714285714286,10875.642857142857,-200.0,0,12,0
2023-12-19,105.0,185.0,158.0,11291.0,272.0,11149.0,10871.0,10398.0,11148.714285714286,10939.42857142857,-114.0,1,12,0
2023-12-20,136.0,246.0,123.0,11516.0,390.0,11291.0,10998.0,10536.0,11222.714285714286,11009.42857142857,-267.0,2,12,0
2023-12-21,128.0,228.0,177.0,11375.0,497.0,11516.0,11077.0,10579.0,11265.285714285714,11066.285714285714,-320.0,3,12,0
2023-12-25,90.0,196.0,205.0,11144.0,347.0,11375.0,11192.0,10635.0,11258.42857142857,11102.642857142857,-142.0,0,12,0
2023-12-26,56.0,82.0,68.0,11217.0,288.0,11144.0,11242.0,10761.0,11254.857142857143,11135.214285714286,-220.0,1,12,0
2023-12-27,74.0,103.0,80.0,11206.0,335.0,11217.0,11092.0,10832.0,11271.142857142857,11161.92857142857,-255.0,2,12,0
2023-12-28,68.0,107.0,102.0,11230.0,357.0,11206.0,11149.0,10897.0,11282.714285714286,11185.714285714286,-255.0,3,12,0
2024-01-01,92.0,124.0,93.0,10870.0,290.0,11230.0,11291.0,10871.0,11222.57142857143,11185.642857142857,-197.0,0,1,0
2024-01-02,113.0,162.0,107.0,10770.0,316.0,10870.0,11516.0,10998.0,11116.0,11169.357142857143,-209.0,1,1,0
2024-01-03,106.0,196.0,131.0,10718.0,263.0,10770.0,11375.0,11077.0,11022.142857142857,11143.714285714286,-132.0,2,1,0
2024-01-04,86.0,152.0,168.0,10558.0,362.0,10718.0,11144.0,11192.0,10938.42857142857,11098.42857142857,-194.0,3,1,0
2024-01-07,84.0,118.0,136.0,9670.0,367.0,10558.0,11217.0,11242.0,10717.42857142857,10986.142857142857,-231.0,6,1,0
2024-01-08,59.0,64.0,117.0,9670.0,367.0,9670.0,11206.0,11092.0,10498.0,10884.57142857143,-250.0,0,1,0
2024-01-09,62.0,97.0,52.0,9311.0,286.0,9670.0,11230.0,11149.0,10223.857142857143,10753.285714285714,-234.0,1,1,0
2024-01-10,91.0,75.0,97.0,9144.0,349.0,9311.0,10870.0,11291.0,9977.285714285714,10599.92857142857,-252.0,2,1,0
2024-01-11,29.0,51.0,11.0,8829.0,476.0,9144.0,10770.0,11516.0,9700.0,10408.0,-465.0,3,1,0
2024-01-15,33.0,53.0,34.0,8033.0,234.0,8829.0,10718.0,11375.0,9316.42857142857,10169.285714285714,-200.0,0,1,0
2024-01-16,32.0,49.0,39.0,8133.0,188.0,8033.0,10558.0,11144.0,8970.0,9954.214285714286,-149.0,1,1,0
2024-01-17,80.0,176.0,125.0,8072.0,353.0,8133.0,9670.0,11217.0,8741.714285714286,9729.57142857143,-228.0,2,1,0
2024-01-18,116.0,188.0,164.0,8042.0,359.0,8072.0,9670.0,11206.0,8509.142857142857,9503.57142857143,-195.0,3,1,0
2024-01-21,105.0,185.0,158.0,7974.0,371.0,8042.0,9311.0,11230.0,8318.142857142857,9271.0,-213.0,6,1,0
2024-01-22,136.0,246.0,123.0,8008.0,222.0,7974.0,9144.0,10870.0,8155.857142857143,9066.57142857143,-99.0,0,1,0
2024-01-23,128.0,228.0,177.0,8133.0,202.0,8008.0,8829.0,10770.0,8056.428571428572,8878.214285714286,-25.0,1,1,0
2024-01-24,90.0,196.0,205.0,8212.0,243.0,8133.0,8033.0,10718.0,8082.0,8699.214285714286,-38.0,2,1,0
2024-01-25,102.0,189.0,155.0,8180.0,293.0,8212.0,8133.0,10558.0,8088.714285714285,8529.357142857143,-138.0,3,1,0
2024-01-28,120.0,257.0,126.0,8004.0,307.0,8180.0,8072.0,9670.0,8079.0,8410.357142857143,-181.0,6,1,0
2024-01-29,137.0,272.0,166.0,8057.0,195.0,8004.0,8042.0,9670.0,8081.142857142857,8295.142857142857,-29.0,0,1,0
2024-01-30,93.0,198.0,208.0,8182.0,187.0,8057.0,7974.0,9311.0,8110.857142857143,8214.5,21.0,1,1,1
2024-01-31,203.0,477.0,258.0,8153.0,266.0,8182.0,8008.0,9144.0,8131.571428571428,8143.714285714285,-8.0,2,1,0
2024-02-01,222.0,459.0,289.0,8026.0,337.0,8153.0,8133.0,8829.0,8116.285714285715,8086.357142857143,-48.0,3,2,0
2024-02-04,253.0,531.0,248.0,7813.0,342.0,8026.0,8212.0,8033.0,8059.285714285715,8070.642857142857,-94.0,6,2,0
2024-02-05,157.0,466.0,345.0,7872.0,242.0,7813.0,8180.0,8133.0,8015.285714285715,8052.0,103.0,0,2,1
2024-02-06,291.0,455.0,323.0,8045.0,178.0,7872.0,8004.0,8072.0,8021.142857142857,8050.071428571428,145.0,1,2,1
2024-02-07,227.0,453.0,330.0,8160.0,222.0,8045.0,8057.0,8042.0,8035.857142857143,8058.5,108.0,2,2,1
2024-02-08,298.0,499.0,358.0,8188.0,315.0,8160.0,8182.0,7974.0,8036.714285714285,8073.785714285715,43.0,3,2,1
2024-02-11,205.0,515.0,226.0,8056.0,347.0,8188.0,8153.0,8008.0,8022.857142857143,8077.214285714285,-121.0,6,2,0
2024-02-12,213.0,430.0,440.0,8092.0,234.0,8056.0,8026.0,8133.0,8032.285714285715,8074.285714285715,206.0,0,2,1
2024-02-13,227.0,369.0,349.0,8348.0,160.0,8092.0,7813.0,8212.0,8108.714285714285,8084.0,189.0,1,2,1
2024-02-14,185.0,322.0,272.0,8512.0,230.0,8348.0,7872.0,8180.0,8200.142857142857,8107.714285714285,42.0,2,2,1
2024-02-15,333.0,508.0,272.0,8463.0,312.0,8512.0,8045.0,8004.0,8259.857142857143,8140.5,-40.0,3,2,0
2024-02-19,249.0,420.0,371.0,8380.0,218.0,8463.0,8160.0,8057.0,8291.285714285714,8163.571428571428,153.0,0,2,1
2024-02-20,149.0,395.0,273.0,8488.0,192.0,8380.0,8188.0,8182.0,8334.142857142857,8185.428571428572,81.0,1,2,1
2024-02-21,232.0,430.0,318.0,8573.0,231.0,8488.0,8056.0,8153.0,8408.0,8215.42857142857,87.0,2,2,1
2024-02-22,165.0,400.0,292.0,8607.0,293.0,8573.0,8092.0,8026.0,8481.57142857143,8256.92857142857,-1.0,3,2,0
2024-02-25,244.0,482.0,366.0,8404.0,329.0,8607.0,8348.0,7813.0,8489.57142857143,8299.142857142857,37.0,6,2,1
2024-02-26,199.0,438.0,326.0,8404.0,329.0,8404.0,8512.0,7872.0,8474.142857142857,8337.142857142857,-3.0,0,2,0
2024-02-27,197.0,369.0,306.0,8650.0,206.0,8404.0,8463.0,8045.0,8500.857142857143,8380.357142857143,100.0,1,2,1
2024-02-28,209.0,447.0,274.0,8699.0,257.0,8650.0,8380.0,8160.0,8546.42857142857,8418.857142857143,17.0,2,2,1
2024-02-29,262.0,444.0,354.0,8724.0,299.0,8699.0,8488.0,8188.0,8580.142857142857,8457.142857142857,55.0,3,2,1
2024-03-03,236.0,468.0,347.0,8594.0,354.0,8724.0,8573.0,8056.0,8583.142857142857,8495.57142857143,-7.0,6,3,0
2024-03-04,225.0,509.0,340.0,8660.0,229.0,8594.0,8607.0,8092.0,8590.714285714286,8536.142857142857,111.0,0,3,1
2024-03-05,246.0,472.0,345.0,8800.0,214.0,8660.0,8404.0,8348.0,8647.285714285714,8568.42857142857,131.0,1,3,1
2024-03-06,230.0,457.0,277.0,8870.0,232.0,8800.0,8404.0,8512.0,8713.857142857143,8594.0,45.0,2,3,1
2024-03-07,181.0,424.0,328.0,8902.0,305.0,8870.0,8650.0,8463.0,8749.857142857143,8625.357142857143,23.0,3,3,1
2024-03-10,190.0,368.0,326.0,8714.0,373.0,8902.0,8699.0,8380.0,8752.0,8649.214285714286,-47.0,6,3,0
2024-03-11,178.0,336.0,290.0,8757.0,253.0,8714.0,8724.0,8488.0,8756.714285714286,8668.42857142857,37.0,0,3,1
2024-03-12,154.0,294.0,290.0,8843.0,213.0,8757.0,8594.0,8573.0,8792.285714285714,8687.714285714286,77.0,1,3,1
2024-03-13,165.0,358.0,167.0,8819.0,239.0,8843.0,8660.0,8607.0,8815.0,8702.857142857143,-72.0,2,3,0
2024-03-14,166.0,301.0,252.0,8695.0,310.0,8819.0,8800.0,8404.0,8800.0,8723.642857142857,-58.0,3,3,0
2024-03-17,127.0,260.0,259.0,8373.0,342.0,8695.0,8870.0,8404.0,8729.0,8721.42857142857,-83.0,6,3,0
2024-03-18,123.0,243.0,188.0,8333.0,283.0,8373.0,8902.0,8650.0,8647.714285714286,8698.785714285714,-95.0,0,3,0
2024-03-19,99.0,202.0,256.0,8390.0,197.0,8333.0,8714.0,8699.0,8601.42857142857,8676.714285714286,59.0,1,3,1
2024-03-20,91.0,181.0,174.0,8365.0,227.0,8390.0,8757.0,8724.0,8545.42857142857,8651.07142857143,-53.0,2,3,0
2024-03-21,132.0,261.0,141.0,8292.0,235.0,8365.0,8843.0,8594.0,8466.714285714286,8629.5,-94.0,3,3,0
2024-03-24,124.0,264.0,221.0,7899.0,373.0,8292.0,8819.0,8660.0,8335.285714285714,8575.142857142857,-152.0,6,3,0
2024-03-25,128.0,242.0,224.0,7899.0,229.0,7899.0,8695.0,8800.0,8221.57142857143,8510.785714285714,-5.0,0,3,0
2024-03-26,187.0,276.0,200.0,7919.0,208.0,7899.0,8373.0,8870.0,8156.714285714285,8442.857142857143,-8.0,1,3,0
2024-03-27,129.0,287.0,185.0,7893.0,215.0,7919.0,8333.0,8902.0,8093.857142857143,8370.785714285714,-30.0,2,3,0
2024-03-28,161.0,288.0,248.0,7762.0,360.0,7893.0,8390.0,8714.0,8004.142857142857,8302.785714285714,-112.0,3,3,0
2024-03-31,105.0,254.0,151.0,7257.0,287.0,7762.0,8365.0,8757.0,7845.857142857143,8195.642857142857,-136.0,6,3,0
2024-04-01,109.0,235.0,171.0,7271.0,172.0,7257.0,8292.0,8843.0,7700.0,8083.357142857143,-1.0,0,4,0
2024-04-02,101.0,230.0,175.0,7340.0,132.0,7271.0,7899.0,8819.0,7620.142857142857,7977.714285714285,43.0,1,4,1
2024-04-03,124.0,230.0,190.0,7346.0,163.0,7340.0,7899.0,8695.0,7541.142857142857,7881.357142857143,27.0,2,4,1
2024-04-04,95.0,226.0,152.0,7317.0,225.0,7346.0,7919.0,8373.0,7455.142857142857,7805.928571428572,-73.0,3,4,0
2024-04-07,106.0,239.0,233.0,6982.0,279.0,7317.0,7893.0,8333.0,7325.0,7709.428571428572,-46.0,6,4,0
2024-04-08,102.0,230.0,167.0,6988.0,199.0,6982.0,7762.0,8390.0,7214.428571428572,7609.285714285715,-32.0,0,4,0
2024-04-09,118.0,231.0,217.0,7043.0,130.0,6988.0,7257.0,8365.0,7183.857142857143,7514.857142857143,87.0,1,4,1
2024-04-10,117.0,244.0,142.0,6999.0,227.0,7043.0,7271.0,8292.0,7145.0,7422.5,-85.0,2,4,0
2024-04-11,183.0,221.0,220.0,6912.0,285.0,6999.0,7340.0,7899.0,7083.857142857143,7352.0,-65.0,3,4,0
2024-04-14,128.0,245.0,243.0,6630.0,290.0,6912.0,7346.0,7899.0,6981.571428571428,7261.357142857143,-47.0,6,4,0
2024-04-15,144.0,303.0,176.0,6681.0,191.0,6630.0,7317.0,7919.0,6890.714285714285,7172.928571428572,-15.0,0,4,0
2024-04-16,219.0,392.0,205.0,6685.0,163.0,6681.0,6982.0,7893.0,6848.285714285715,7086.642857142857,42.0,1,4,1
2024-04-17,182.0,371.0,274.0,6725.0,227.0,6685.0,6988.0,7762.0,6810.714285714285,7012.571428571428,47.0,2,4,1
2024-04-18,144.0,322.0,258.0,6728.0,260.0,6725.0,7043.0,7257.0,6765.714285714285,6974.785714285715,-2.0,3,4,0
2024-04-21,208.0,380.0,343.0,6745.0,240.0,6728.0,6999.0,7271.0,6729.428571428572,6937.214285714285,103.0,6,4,1
2024-04-22,176.0,424.0,251.0,6799.0,214.0,6745.0,6912.0,7340.0,6713.285714285715,6898.571428571428,37.0,0,4,1
2024-04-23,252.0,427.0,307.0,6967.0,134.0,6799.0,6630.0,7346.0,6761.428571428572,6871.5,173.0,1,4,1
2024-04-24,253.0,411.0,307.0,7128.0,154.0,6967.0,6681.0,7317.0,6825.285714285715,6858.0,153.0,2,4,1
2024-04-25,145.0,357.0,333.0,7209.0,217.0,7128.0,6685.0,6982.0,6900.142857142857,6874.214285714285,116.0,3,4,1
2024-04-28,158.0,349.0,365.0,7298.0,250.0,7209.0,6725.0,6988.0,6982.0,6896.357142857143,115.0,6,4,1
2024-04-29,140.0,292.0,255.0,7373.0,187.0,7298.0,6728.0,7043.0,7074.142857142857,6919.928571428572,68.0,0,4,1
2024-04-30,220.0,443.0,194.0,7431.0,135.0,7373.0,6745.0,6999.0,7172.142857142857,6950.785714285715,59.0,1,4,1
2024-05-01,197.0,437.0,295.0,7508.0,190.0,7431.0,6799.0,6912.0,7273.428571428572,6993.357142857143,105.0,2,5,1
2024-05-02,206.0,411.0,293.0,7577.0,194.0,7508.0,6967.0,6630.0,7360.571428571428,7061.0,99.0,3,5,1
2024-05-05,150.0,315.0,228.0,7447.0,332.0,7577.0,7128.0,6681.0,7406.142857142857,7115.714285714285,-104.0,6,5,0
2024-05-06,173.0,337.0,211.0,7449.0,205.0,7447.0,7209.0,6685.0,7440.428571428572,7170.285714285715,6.0,0,5,1
2024-05-07,176.0,334.0,246.0,7566.0,163.0,7449.0,7298.0,6725.0,7478.714285714285,7230.357142857143,83.0,1,5,1
2024-05-08,167.0,374.0,205.0,7583.0,202.0,7566.0,7373.0,6728.0,7508.714285714285,7291.428571428572,3.0,2,5,1
2024-05-09,138.0,285.0,268.0,7570.0,244.0,7583.0,7431.0,6745.0,7528.571428571428,7350.357142857143,24.0,3,5,1
2024-05-12,138.0,301.0,263.0,7464.0,245.0,7570.0,7508.0,6799.0,7522.285714285715,7397.857142857143,18.0,6,5,1
2024-05-13,112.0,331.0,167.0,7499.0,157.0,7464.0,7577.0,6967.0,7511.142857142857,7435.857142857143,10.0,0,5,1
2024-05-14,246.0,419.0,218.0,7546.0,186.0,7499.0,7447.0,7128.0,7525.285714285715,7465.714285714285,32.0,1,5,1
2024-05-15,115.0,285.0,341.0,7589.0,265.0,7546.0,7449.0,7209.0,7545.285714285715,7492.857142857143,76.0,2,5,1
2024-05-16,206.0,340.0,214.0,7565.0,234.0,7589.0,7566.0,7298.0,7545.142857142857,7511.928571428572,-20.0,3,5,0
2024-05-19,143.0,295.0,278.0,7356.0,298.0,7565.0,7583.0,7373.0,7512.714285714285,7510.714285714285,-20.0,6,5,0
2024-05-20,111.0,268.0,217.0,7368.0,192.0,7356.0,7570.0,7431.0,7483.857142857143,7506.214285714285,25.0,0,5,1
2024-05-21,196.0,348.0,176.0,7404.0,145.0,7368.0,7464.0,7508.0,7475.285714285715,7498.785714285715,31.0,1,5,1
2024-05-22,168.0,349.0,272.0,7474.0,208.0,7404.0,7499.0,7577.0,7471.714285714285,7491.428571428572,64.0,2,5,1
2024-05-23,193.0,272.0,314.0,7494.0,227.0,7474.0,7546.0,7447.0,7464.285714285715,7494.785714285715,87.0,3,5,1
2024-05-27,156.0,344.0,252.0,7365.0,167.0,7494.0,7589.0,7449.0,7432.285714285715,7488.785714285715,85.0,0,5,1
2024-05-28,153.0,348.0,239.0,7418.0,151.0,7365.0,7565.0,7566.0,7411.285714285715,7478.214285714285,88.0,1,5,1
2024-05-29,182.0,462.0,158.0,7491.0,141.0,7418.0,7356.0,7583.0,7430.571428571428,7471.642857142857,17.0,2,5,1
2024-05-30,167.0,406.0,339.0,7563.0,190.0,7491.0,7368.0,7570.0,7458.428571428572,7471.142857142857,149.0,3,5,1
2024-06-02,159.0,330.0,322.0,7546.0,306.0,7563.0,7404.0,7464.0,7478.714285714285,7477.0,16.0,6,6,1
2024-06-03,109.0,244.0,257.0,7596.0,224.0,7546.0,7474.0,7499.0,7496.142857142857,7483.928571428572,33.0,0,6,1
2024-06-04,260.0,356.0,176.0,7565.0,203.0,7596.0,7494.0,7546.0,7506.285714285715,7485.285714285715,-27.0,1,6,0
2024-06-05,173.0,345.0,291.0,7691.0,198.0,7565.0,7365.0,7589.0,7552.857142857143,7492.571428571428,93.0,2,6,1
2024-06-06,179.0,326.0,282.0,7741.0,238.0,7691.0,7418.0,7565.0,7599.0,7505.142857142857,44.0,3,6,1
2024-06-09,116.0,289.0,166.0,7451.0,312.0,7741.0,7491.0,7356.0,7593.285714285715,7511.928571428572,-146.0,6,6,0
2024-06-10,184.0,334.0,229.0,7439.0,212.0,7451.0,7563.0,7368.0,7575.571428571428,7517.0,17.0,0,6,1
2024-06-11,186.0,352.0,224.0,7493.0,156.0,7439.0,7546.0,7404.0,7568.0,7523.357142857143,68.0,1,6,1
2024-06-12,152.0,266.0,274.0,7548.0,212.0,7493.0,7596.0,7474.0,7561.142857142857,7528.642857142857,62.0,2,6,1
2024-06-13,167.0,293.0,230.0,7544.0,259.0,7548.0,7565.0,7494.0,7558.142857142857,7532.214285714285,-29.0,3,6,0
2024-06-16,204.0,315.0,233.0,7307.0,294.0,7544.0,7691.0,7365.0,7503.285714285715,7528.071428571428,-61.0,6,6,0
2024-06-17,159.0,310.0,272.0,7318.0,224.0,7307.0,7741.0,7418.0,7442.857142857143,7520.928571428572,48.0,0,6,1
2024-06-18,160.0,297.0,253.0,7340.0,214.0,7318.0,7451.0,7491.0,7427.0,7510.142857142857,39.0,1,6,1
2024-06-19,204.0,321.0,246.0,7433.0,198.0,7340.0,7439.0,7563.0,7426.142857142857,7500.857142857143,48.0,2,6,1
2024-06-20,145.0,247.0,243.0,7431.0,235.0,7433.0,7493.0,7546.0,7417.285714285715,7492.642857142857,8.0,3,6,1
2024-06-23,102.0,227.0,201.0,7247.0,294.0,7431.0,7548.0,7596.0,7374.285714285715,7467.714285714285,-93.0,6,6,0
2024-06-24,116.0,175.0,172.0,7239.0,202.0,7247.0,7544.0,7565.0,7330.714285714285,7444.428571428572,-30.0,0,6,0
2024-06-25,172.0,263.0,191.0,7239.0,202.0,7239.0,7307.0,7691.0,7321.0,7412.142857142857,-11.0,1,6,0
2024-06-26,132.0,235.0,197.0,7268.0,187.0,7239.0,7318.0,7741.0,7313.857142857143,7378.357142857143,10.0,2,6,1
2024-06-27,174.0,208.0,256.0,7248.0,268.0,7268.0,7340.0,7451.0,7300.714285714285,7363.857142857143,-12.0,3,6,0
2024-06-30,123.0,230.0,167.0,6874.0,273.0,7248.0,7433.0,7439.0,7220.857142857143,7323.5,-106.0,6,6,0
2024-07-01,123.0,233.0,159.0,6825.0,229.0,6874.0,7431.0,7493.0,7134.285714285715,7275.785714285715,-70.0,0,7,0
2024-07-02,141.0,232.0,188.0,6823.0,184.0,6825.0,7247.0,7548.0,7073.714285714285,7224.0,4.0,1,7,1
2024-07-04,158.0,226.0,191.0,6790.0,225.0,6823.0,7239.0,7544.0,7009.571428571428,7170.142857142857,-34.0,3,7,0
2024-07-07,96.0,160.0,233.0,6599.0,213.0,6790.0,7239.0,7307.0,6918.142857142857,7119.571428571428,20.0,6,7,1
2024-07-08,141.0,173.0,129.0,6617.0,123.0,6599.0,7268.0,7318.0,6825.142857142857,7069.5,6.0,0,7,1
2024-07-09,116.0,181.0,182.0,6651.0,130.0,6617.0,7248.0,7340.0,6739.857142857143,7020.285714285715,52.0,1,7,1
2024-07-10,150.0,157.0,201.0,6649.0,177.0,6651.0,6874.0,7433.0,6707.714285714285,6964.285714285715,24.0,2,7,1
2024-07-11,80.0,176.0,125.0,6640.0,197.0,6649.0,6825.0,7431.0,6681.285714285715,6907.785714285715,-72.0,3,7,0
2024-07-14,116.0,188.0,164.0,6308.0,237.0,6640.0,6823.0,7247.0,6607.714285714285,6840.714285714285,-73.0,6,7,0
2024-07-15,105.0,185.0,158.0,6283.0,171.0,6308.0,6790.0,7239.0,6535.285714285715,6772.428571428572,-13.0,0,7,0
2024-07-16,136.0,246.0,123.0,6239.0,173.0,6283.0,6599.0,7239.0,6483.857142857143,6701.0,-50.0,1,7,0
2024-07-17,128.0,228.0,177.0,6228.0,187.0,6239.0,6617.0,7268.0,6428.285714285715,6626.714285714285,-10.0,2,7,0
2024-07-21,90.0,196.0,205.0,6058.0,262.0,6228.0,6651.0,7248.0,6343.571428571428,6541.714285714285,-57.0,6,7,0
2024-07-22,102.0,189.0,155.0,6002.0,234.0,6058.0,6649.0,6874.0,6251.142857142857,6479.428571428572,-79.0,0,7,0
2024-07-23,120.0,257.0,126.0,5965.0,170.0,6002.0,6640.0,6825.0,6154.714285714285,6418.0,-44.0,1,7,0
2024-07-24,137.0,272.0,166.0,5927.0,177.0,5965.0,6308.0,6823.0,6100.285714285715,6354.0,-11.0,2,7,0
2024-07-25,93.0,198.0,208.0,5954.0,194.0,5927.0,6283.0,6790.0,6053.285714285715,6294.285714285715,14.0,3,7,1
2024-07-28,152.0,290.0,199.0,5743.0,207.0,5954.0,6239.0,6599.0,5982.428571428572,6233.142857142857,-8.0,6,7,0
2024-07-29,114.0,210.0,219.0,5819.0,163.0,5743.0,6228.0,6617.0,5924.0,6176.142857142857,56.0,0,7,1
2024-07-30,125.0,203.0,208.0,5930.0,92.0,5819.0,6058.0,6651.0,5905.714285714285,6124.642857142857,116.0,1,7,1
2024-07-31,140.0,261.0,163.0,5963.0,154.0,5930.0,6002.0,6649.0,5900.142857142857,6075.642857142857,9.0,2,7,1
2024-08-01,227.0,298.0,212.0,6016.0,169.0,5963.0,5965.0,6640.0,5907.428571428572,6031.071428571428,43.0,3,8,1
2024-08-04,63.0,167.0,143.0,5943.0,170.0,6016.0,5927.0,6308.0,5909.714285714285,6005.0,-27.0,6,8,0
2024-08-05,172.0,259.0,138.0,5950.0,150.0,5943.0,5954.0,6283.0,5909.142857142857,5981.214285714285,-12.0,0,8,0
2024-08-06,163.0,283.0,200.0,5998.0,143.0,5950.0,5743.0,6239.0,5945.571428571428,5964.0,57.0,1,8,1
2024-08-07,135.0,273.0,207.0,6038.0,174.0,5998.0,5819.0,6228.0,5976.857142857143,5950.428571428572,33.0,2,8,1
2024-08-08,119.0,230.0,213.0,6084.0,174.0,6038.0,5930.0,6058.0,5998.857142857143,5952.285714285715,39.0,3,8,1
2024-08-11,95.0,211.0,140.0,5894.0,249.0,6084.0,5963.0,6002.0,5989.0,5944.571428571428,-109.0,6,8,0
2024-08-12,109.0,219.0,155.0,5903.0,148.0,5894.0,6016.0,5965.0,5972.857142857143,5940.142857142857,7.0,0,8,1
2024-08-13,162.0,239.0,189.0,5981.0,123.0,5903.0,5943.0,5927.0,5978.285714285715,5944.0,66.0,1,8,1
2024-08-14,109.0,226.0,191.0,5987.0,178.0,5981.0,5950.0,5954.0,5983.571428571428,5946.357142857143,13.0,2,8,1
2024-08-15,124.0,241.0,156.0,5895.0,220.0,5987.0,5998.0,5743.0,5968.857142857143,5957.214285714285,-64.0,3,8,0
2024-08-18,86.0,244.0,235.0,5821.0,178.0,5895.0,6038.0,5819.0,5937.857142857143,5957.357142857143,57.0,6,8,1
2024-08-19,176.0,254.0,162.0,5865.0,158.0,5821.0,6084.0,5930.0,5906.571428571428,5952.714285714285,4.0,0,8,1
2024-08-20,136.0,274.0,245.0,5995.0,112.0,5865.0,5894.0,5963.0,5921.0,5955.0,133.0,1,8,1
2024-08-21,134.0,245.0,167.0,6028.0,156.0,5995.0,5903.0,6016.0,5938.857142857143,5955.857142857143,11.0,2,8,1
2024-08-22,182.0,307.0,205.0,6054.0,171.0,6028.0,5981.0,5943.0,5949.285714285715,5963.785714285715,34.0,3,8,1
2024-08-27,149.0,285.0,222.0,6152.0,97.0,6054.0,5987.0,5950.0,5972.857142857143,5978.214285714285,125.0,1,8,1
2024-08-28,170.0,285.0,178.0,6227.0,134.0,6152.0,5895.0,5998.0,6020.285714285715,5994.571428571428,44.0,2,8,1
2024-08-29,145.0,295.0,188.0,6250.0,169.0,6227.0,5821.0,6038.0,6081.571428571428,6009.714285714285,19.0,3,8,1
2024-09-02,133.0,270.0,198.0,6192.0,129.0,6250.0,5865.0,6084.0,6128.285714285715,6017.428571428572,69.0,0,9,1
2024-09-03,131.0,263.0,177.0,6272.0,112.0,6192.0,5995.0,5894.0,6167.857142857143,6044.428571428572,65.0,1,9,1
2024-09-04,121.0,231.0,219.0,6375.0,114.0,6272.0,6028.0,5903.0,6217.428571428572,6078.142857142857,105.0,2,9,1
2024-09-05,126.0,230.0,175.0,6448.0,121.0,6375.0,6054.0,5981.0,6273.714285714285,6111.5,54.0,3,9,1
2024-09-08,123.0,255.0,164.0,6312.0,221.0,6448.0,6152.0,5987.0,6296.571428571428,6134.714285714285,-57.0,6,9,0
2024-09-09,144.0,275.0,190.0,6353.0,141.0,6312.0,6227.0,5895.0,6314.571428571428,6167.428571428572,49.0,0,9,1
2024-09-10,131.0,251.0,180.0,6396.0,148.0,6353.0,6250.0,5821.0,6335.428571428572,6208.5,32.0,1,9,1
2024-09-11,93.0,248.0,175.0,6410.0,162.0,6396.0,6192.0,5865.0,6366.571428571428,6247.428571428572,13.0,2,9,1
2024-09-12,184.0,280.0,210.0,6360.0,220.0,6410.0,6272.0,5995.0,6379.142857142857,6273.5,-10.0,3,9,0
2024-09-13,81.0,200.0,212.0,6326.0,279.0,6360.0,6375.0,6028.0,6372.142857142857,6294.785714285715,-67.0,4,9,0
2024-09-15,98.0,220.0,167.0,6234.0,210.0,6326.0,6448.0,6054.0,6341.571428571428,6307.642857142857,-43.0,6,9,0
2024-09-16,113.0,209.0,160.0,6229.0,164.0,6234.0,6312.0,6152.0,6329.714285714285,6313.142857142857,-4.0,0,9,0
2024-09-17,159.0,304.0,139.0,6227.0,160.0,6229.0,6353.0,6227.0,6311.714285714285,6313.142857142857,-21.0,1,9,0
2024-09-18,116.0,213.0,217.0,6245.0,149.0,6227.0,6396.0,6250.0,6290.142857142857,6312.785714285715,68.0,2,9,1
2024-09-19,93.0,196.0,169.0,6270.0,188.0,6245.0,6410.0,6192.0,6270.142857142857,6318.357142857143,-19.0,3,9,0
2024-09-22,124.0,234.0,161.0,5989.0,197.0,6270.0,6360.0,6272.0,6217.142857142857,6298.142857142857,-36.0,6,9,0
2024-09-23,92.0,203.0,173.0,6002.0,165.0,5989.0,6326.0,6375.0,6170.857142857143,6271.5,8.0,0,9,1
2024-09-24,186.0,259.0,172.0,6023.0,143.0,6002.0,6234.0,6448.0,6140.714285714285,6241.142857142857,29.0,1,9,1
2024-09-25,154.0,225.0,220.0,6050.0,169.0,6023.0,6229.0,6312.0,6115.142857142857,6222.428571428572,51.0,2,9,1
2024-09-26,91.0,199.0,172.0,6090.0,185.0,6050.0,6227.0,6353.0,6095.571428571428,6203.642857142857,-13.0,3,9,0
2024-09-29,81.0,213.0,153.0,5925.0,177.0,6090.0,6245.0,6396.0,6049.857142857143,6170.0,-24.0,6,9,0
2024-09-30,209.0,285.0,184.0,5967.0,138.0,5925.0,6270.0,6410.0,6006.571428571428,6138.357142857143,46.0,0,9,1
2024-10-01,184.0,314.0,217.0,6040.0,137.0,5967.0,5989.0,6360.0,6013.857142857143,6115.5,80.0,1,10,1
2024-10-02,107.0,215.0,230.0,6091.0,173.0,6040.0,6002.0,6326.0,6026.571428571428,6098.714285714285,57.0,2,10,1
2024-10-03,101.0,162.0,178.0,6118.0,193.0,6091.0,6023.0,6234.0,6040.142857142857,6090.428571428572,-15.0,3,10,0
2024-10-07,99.0,190.0,176.0,5968.0,153.0,6118.0,6050.0,6229.0,6028.428571428572,6071.785714285715,23.0,0,10,1
2024-10-08,167.0,239.0,166.0,6013.0,123.0,5968.0,6090.0,6227.0,6017.428571428572,6056.5,43.0,1,10,1
2024-10-09,115.0,216.0,169.0,6047.0,137.0,6013.0,5925.0,6245.0,6034.857142857143,6042.357142857143,32.0,2,10,1
2024-10-10,84.0,158.0,193.0,6075.0,159.0,6047.0,5967.0,6270.0,6050.285714285715,6028.428571428572,34.0,3,10,1
2024-10-13,130.0,227.0,192.0,5889.0,210.0,6075.0,6040.0,5989.0,6028.714285714285,6021.285714285715,-18.0,6,10,0
2024-10-14,88.0,214.0,160.0,5935.0,106.0,5889.0,6091.0,6002.0,6006.428571428572,6016.5,54.0,0,10,1
2024-10-15,113.0,208.0,159.0,6013.0,107.0,5935.0,6118.0,6023.0,5991.428571428572,6015.785714285715,52.0,1,10,1
2024-10-16,174.0,285.0,150.0,6036.0,129.0,6013.0,5968.0,6050.0,6001.142857142857,6014.785714285715,21.0,2,10,1
2024-10-17,104.0,230.0,206.0,6076.0,160.0,6036.0,6013.0,6090.0,6010.142857142857,6013.785714285715,46.0,3,10,1
2024-10-20,147.0,276.0,214.0,5918.0,195.0,6076.0,6047.0,5925.0,5991.714285714285,6013.285714285715,19.0,6,10,1
2024-10-21,108.0,220.0,213.0,5966.0,154.0,5918.0,6075.0,5967.0,5976.142857142857,6013.214285714285,59.0,0,10,1
2024-10-22,180.0,280.0,146.0,6043.0,109.0,5966.0,5889.0,6040.0,5998.142857142857,6013.428571428572,37.0,1,10,1
2024-10-23,134.0,294.0,186.0,6077.0,138.0,6043.0,5935.0,6091.0,6018.428571428572,6012.428571428572,48.0,2,10,1
2024-10-27,202.0,313.0,158.0,5974.0,192.0,6077.0,6013.0,6118.0,6012.857142857143,6002.142857142857,-34.0,6,10,0
2024-10-28,110.0,272.0,193.0,6008.0,156.0,5974.0,6036.0,5968.0,6008.857142857143,6005.0,37.0,0,10,1
2024-10-29,166.0,277.0,229.0,6106.0,126.0,6008.0,6076.0,6013.0,6013.142857142857,6011.642857142857,103.0,1,10,1
2024-10-30,136.0,276.0,178.0,6149.0,160.0,6106.0,5918.0,6047.0,6046.142857142857,6018.928571428572,18.0,2,10,1
2024-10-31,87.0,246.0,173.0,6148.0,177.0,6149.0,5966.0,6075.0,6072.142857142857,6024.142857142857,-4.0,3,10,0
2024-11-03,84.0,171.0,157.0,5990.0,184.0,6148.0,6043.0,5889.0,6064.571428571428,6031.357142857143,-27.0,6,11,0
2024-11-04,167.0,209.0,157.0,6007.0,132.0,5990.0,6077.0,5935.0,6054.571428571428,6036.5,25.0,0,11,1
2024-11-05,109.0,245.0,159.0,6045.0,126.0,6007.0,5974.0,6013.0,6064.714285714285,6038.785714285715,33.0,1,11,1
2024-11-06,156.0,256.0,176.0,6086.0,137.0,6045.0,6008.0,6036.0,6075.857142857143,6042.357142857143,39.0,2,11,1
2024-11-07,125.0,232.0,192.0,6084.0,177.0,6086.0,6106.0,6076.0,6072.714285714285,6042.928571428572,15.0,3,11,1
2024-11-11,118.0,139.0,168.0,5963.0,145.0,6084.0,6149.0,5918.0,6046.142857142857,6046.142857142857,23.0,0,11,1
2024-11-12,142.0,235.0,139.0,5975.0,138.0,5963.0,6148.0,5966.0,6021.428571428572,6046.785714285715,1.0,1,11,1
2024-11-13,148.0,245.0,175.0,5966.0,151.0,5975.0,5990.0,6043.0,6018.0,6041.285714285715,24.0,2,11,1
2024-11-14,119.0,219.0,210.0,6025.0,172.0,5966.0,6007.0,6077.0,6020.571428571428,6037.571428571428,38.0,3,11,1
2024-11-17,105.0,210.0,149.0,5816.0,195.0,6025.0,6045.0,5974.0,5987.857142857143,6026.285714285715,-46.0,6,11,0
2024-11-18,143.0,203.0,163.0,5819.0,138.0,5816.0,6086.0,6008.0,5949.714285714285,6012.785714285715,25.0,0,11,1
2024-11-19,119.0,209.0,152.0,5844.0,146.0,5819.0,6084.0,6106.0,5915.428571428572,5994.071428571428,6.0,1,11,1
2024-11-20,155.0,212.0,181.0,5879.0,148.0,5844.0,5963.0,6149.0,5903.428571428572,5974.785714285715,33.0,2,11,1
2024-11-21,109.0,214.0,173.0,5850.0,210.0,5879.0,5975.0,6148.0,5885.571428571428,5953.5,-37.0,3,11,0
2024-11-24,191.0,283.0,192.0,5664.0,207.0,5850.0,5966.0,5990.0,5842.428571428572,5930.214285714285,-15.0,6,11,0
2024-11-25,170.0,297.0,196.0,5715.0,129.0,5664.0,6025.0,6007.0,5798.142857142857,5909.357142857143,67.0,0,11,1
2024-11-26,152.0,272.0,214.0,5826.0,112.0,5715.0,5816.0,6045.0,5799.571428571428,5893.714285714285,102.0,1,11,1
2024-11-27,239.0,367.0,224.0,5862.0,211.0,5826.0,5819.0,6086.0,5805.714285714285,5877.714285714285,13.0,2,11,1
2024-11-28,113.0,280.0,237.0,5963.0,143.0,5862.0,5844.0,6084.0,5822.714285714285,5869.071428571428,94.0,3,11,1
2024-12-01,196.0,306.0,187.0,5986.0,149.0,5963.0,5879.0,5963.0,5838.0,5870.714285714285,38.0,6,12,1
2024-12-02,236.0,330.0,222.0,6061.0,115.0,5986.0,5850.0,5975.0,5868.142857142857,5876.857142857143,107.0,0,12,1
2024-12-03,81.0,230.0,242.0,6192.0,107.0,6061.0,5664.0,5966.0,5943.571428571428,5893.0,135.0,1,12,1
2024-12-04,118.0,245.0,160.0,6269.0,115.0,6192.0,5715.0,6025.0,6022.714285714285,5910.428571428572,45.0,2,12,1
2024-12-05,218.0,283.0,208.0,6310.0,150.0,6269.0,5826.0,5816.0,6091.857142857143,5945.714285714285,58.0,3,12,1
2024-12-08,132.0,243.0,183.0,6286.0,172.0,6310.0,5862.0,5819.0,6152.428571428572,5979.071428571428,11.0,6,12,1
2024-12-09,224.0,315.0,152.0,6268.0,174.0,6286.0,5963.0,5844.0,6196.0,6009.357142857143,-22.0,0,12,0
2024-12-10,167.0,326.0,213.0,6310.0,149.0,6268.0,5986.0,5879.0,6242.285714285715,6040.142857142857,64.0,1,12,1
2024-12-11,209.0,353.0,232.0,6402.0,152.0,6310.0,6061.0,5850.0,6291.0,6079.571428571428,80.0,2,12,1
2024-12-12,153.0,253.0,286.0,6481.0,194.0,6402.0,6192.0,5664.0,6332.285714285715,6137.928571428572,92.0,3,12,1
2024-12-15,180.0,337.0,219.0,6408.0,224.0,6481.0,6269.0,5715.0,6352.142857142857,6187.428571428572,-5.0,6,12,0
2024-12-16,133.0,287.0,189.0,6454.0,149.0,6408.0,6310.0,5826.0,6372.714285714285,6232.285714285715,40.0,0,12,1
2024-12-17,187.0,310.0,247.0,6506.0,151.0,6454.0,6286.0,5862.0,6404.142857142857,6278.285714285715,96.0,1,12,1
2024-12-18,168.0,285.0,210.0,6598.0,134.0,6506.0,6268.0,5963.0,6451.285714285715,6323.642857142857,76.0,2,12,1
2024-12-19,269.0,412.0,204.0,6600.0,238.0,6598.0,6310.0,5986.0,6492.714285714285,6367.5,-34.0,3,12,0
2024-12-22,100.0,255.0,236.0,6595.0,268.0,6600.0,6402.0,6061.0,6520.285714285715,6405.642857142857,-32.0,6,12,0
2024-12-23,205.0,294.0,177.0,6548.0,231.0,6595.0,6481.0,6192.0,6529.857142857143,6431.071428571428,-54.0,0,12,0
2024-12-24,161.0,304.0,211.0,6622.0,155.0,6548.0,6408.0,6269.0,6560.428571428572,6456.285714285715,56.0,1,12,1
2024-12-25,57.0,162.0,193.0,6689.0,107.0,6622.0,6454.0,6310.0,6594.0,6483.357142857143,86.0,2,12,1
2024-12-26,80.0,122.0,152.0,6707.0,135.0,6689.0,6506.0,6286.0,6622.714285714285,6513.428571428572,17.0,3,12,1
2024-12-29,107.0,170.0,133.0,6465.0,216.0,6707.0,6598.0,6268.0,6603.714285714285,6527.5,-83.0,6,12,0
2024-12-30,99.0,156.0,139.0,6454.0,177.0,6465.0,6600.0,6310.0,6582.857142857143,6537.785714285715,-38.0,0,12,0
2025-01-01,25.0,66.0,94.0,6405.0,144.0,6454.0,6595.0,6402.0,6555.714285714285,6538.0,-50.0,2,1,0
2025-01-02,35.0,70.0,53.0,6292.0,170.0,6405.0,6548.0,6481.0,6519.142857142857,6524.5,-117.0,3,1,0
2025-01-05,43.0,73.0,64.0,5882.0,185.0,6292.0,6622.0,6408.0,6413.428571428572,6486.928571428572,-121.0,6,1,0
2025-01-06,41.0,60.0,71.0,5769.0,190.0,5882.0,6689.0,6454.0,6282.0,6438.0,-119.0,0,1,0
2025-01-07,65.0,83.0,65.0,5703.0,133.0,5769.0,6707.0,6506.0,6138.571428571428,6380.642857142857,-68.0,1,1,0
2025-01-08,38.0,80.0,82.0,5605.0,184.0,5703.0,6465.0,6598.0,6015.714285714285,6309.714285714285,-102.0,2,1,0
2025-01-09,56.0,82.0,68.0,5507.0,164.0,5605.0,6454.0,6600.0,5880.428571428572,6231.642857142857,-96.0,3,1,0
2025-01-12,74.0,103.0,80.0,5092.0,235.0,5507.0,6405.0,6595.0,5692.857142857143,6124.285714285715,-155.0,6,1,0
2025-01-13,68.0,107.0,102.0,5019.0,181.0,5092.0,6292.0,6548.0,5511.0,6015.071428571428,-79.0,0,1,0
2025-01-14,92.0,124.0,93.0,4957.0,139.0,5019.0,5882.0,6622.0,5378.857142857143,5896.142857142857,-46.0,1,1,0
2025-01-15,113.0,162.0,107.0,4903.0,164.0,4957.0,5769.0,6689.0,5255.142857142857,5768.571428571428,-57.0,2,1,0
2025-01-16,106.0,196.0,131.0,4881.0,159.0,4903.0,5703.0,6707.0,5137.714285714285,5638.142857142857,-28.0,3,1,0
2025-01-19,86.0,152.0,168.0,4628.0,176.0,4881.0,5605.0,6465.0,4998.142857142857,5506.928571428572,-8.0,6,1,0
2025-01-20,84.0,118.0,136.0,4638.0,127.0,4628.0,5507.0,6454.0,4874.0,5377.214285714285,9.0,0,1,1
2025-01-21,59.0,64.0,117.0,4728.0,54.0,4638.0,5092.0,6405.0,4822.0,5257.428571428572,63.0,1,1,1
2025-01-22,62.0,97.0,52.0,4717.0,83.0,4728.0,5019.0,6292.0,4778.857142857143,5144.928571428572,-31.0,2,1,0
2025-01-23,91.0,75.0,97.0,4621.0,174.0,4717.0,4957.0,5882.0,4730.857142857143,5054.857142857143,-77.0,3,1,0
2025-01-26,29.0,51.0,11.0,4241.0,182.0,4621.0,4903.0,5769.0,4636.285714285715,4945.714285714285,-171.0,6,1,0
2025-01-27,33.0,53.0,34.0,4161.0,127.0,4241.0,4881.0,5703.0,4533.428571428572,4835.571428571428,-93.0,0,1,0
2025-01-28,32.0,49.0,39.0,4096.0,101.0,4161.0,4628.0,5605.0,4457.428571428572,4727.785714285715,-62.0,1,1,0
2025-01-29,32.0,50.0,39.0,4036.0,99.0,4096.0,4638.0,5507.0,4371.428571428572,4622.714285714285,-60.0,2,1,0
2025-01-30,47.0,42.0,47.0,3923.0,159.0,4036.0,4728.0,5092.0,4256.428571428572,4539.214285714285,-112.0,3,1,0
2025-02-02,20.0,22.0,41.0,3483.0,168.0,3923.0,4717.0,5019.0,4080.1428571428573,4429.5,-127.0,6,2,0
2025-02-03,23.0,45.0,11.0,3403.0,102.0,3483.0,4621.0,4957.0,3906.1428571428573,4318.5,-91.0,0,2,0
2025-02-04,34.0,54.0,29.0,3359.0,74.0,3403.0,4241.0,4903.0,3780.1428571428573,4208.214285714285,-45.0,1,2,0
2025-02-05,26.0,36.0,36.0,3290.0,104.0,3359.0,4161.0,4881.0,3655.714285714286,4094.5714285714284,-68.0,2,2,0
2025-02-06,25.0,32.0,27.0,3181.0,145.0,3290.0,4096.0,4628.0,3525.0,3991.214285714286,-118.0,3,2,0
2025-02-09,15.0,13.0,23.0,2878.0,99.0,3181.0,4036.0,4638.0,3359.5714285714284,3865.5,-76.0,6,2,0
2025-02-10,16.0,18.0,15.0,2834.0,63.0,2878.0,3923.0,4728.0,3204.0,3730.214285714286,-48.0,0,2,0
2025-02-11,11.0,22.0,12.0,2799.0,50.0,2834.0,3483.0,4717.0,3106.285714285714,3593.214285714286,-38.0,1,2,0
2025-02-12,16.0,20.0,20.0,2752.0,66.0,2799.0,3403.0,4621.0,3013.285714285714,3459.714285714286,-46.0,2,2,0
2025-02-13,15.0,10.0,23.0,2703.0,72.0,2752.0,3359.0,4241.0,2919.5714285714284,3349.8571428571427,-49.0,3,2,0
2025-02-17,8.0,17.0,14.0,2532.0,15.0,2703.0,3290.0,4161.0,2811.285714285714,3233.5,-1.0,0,2,0
2025-02-18,18.0,19.0,11.0,2536.0,9.0,2532.0,3181.0,4096.0,2719.1428571428573,3122.0714285714284,2.0,1,2,1
2025-02-19,12.0,17.0,17.0,2528.0,19.0,2536.0,2878.0,4036.0,2669.1428571428573,3014.3571428571427,-2.0,2,2,0
2025-02-20,13.0,25.0,15.0,2520.0,32.0,2528.0,2834.0,3923.0,2624.285714285714,2914.1428571428573,-17.0,3,2,0
2025-02-23,7.0,16.0,8.0,2423.0,35.0,2520.0,2799.0,3483.0,2570.5714285714284,2838.4285714285716,-27.0,6,2,0
2025-02-24,20.0,22.0,14.0,2413.0,24.0,2423.0,2752.0,3403.0,2522.1428571428573,2767.714285714286,-10.0,0,2,0
2025-02-25,11.0,7.0,7.0,2413.0,23.0,2413.0,2703.0,3359.0,2480.714285714286,2700.1428571428573,-16.0,1,2,0
2025-02-26,12.0,21.0,1.0,2411.0,23.0,2413.0,2532.0,3290.0,2463.4285714285716,2637.3571428571427,-22.0,2,2,0
2025-02-27,10.0,15.0,17.0,2391.0,37.0,2411.0,2536.0,3181.0,2442.714285714286,2580.9285714285716,-20.0,3,2,0
2025-03-02,12.0,24.0,4.0,2297.0,31.0,2391.0,2528.0,2878.0,2409.714285714286,2539.4285714285716,-27.0,6,3,0
2025-03-03,8.0,29.0,18.0,2287.0,25.0,2297.0,2520.0,2834.0,2376.4285714285716,2500.3571428571427,-7.0,0,3,0
2025-03-04,4.0,25.0,10.0,2272.0,30.0,2287.0,2423.0,2799.0,2354.8571428571427,2462.714285714286,-20.0,1,3,0
2025-03-05,5.0,20.0,4.0,2238.0,40.0,2272.0,2413.0,2752.0,2329.8571428571427,2426.0,-36.0,2,3,0
2025-03-06,7.0,27.0,6.0,2218.0,33.0,2238.0,2413.0,2703.0,2302.0,2391.3571428571427,-27.0,3,3,0
2025-03-09,12.0,25.0,15.0,2137.0,30.0,2218.0,2411.0,2532.0,2262.8571428571427,2363.1428571428573,-15.0,6,3,0
2025-03-10,6.0,28.0,8.0,2125.0,23.0,2137.0,2391.0,2536.0,2224.8571428571427,2333.785714285714,-15.0,0,3,0
2025-03-11,3.0,11.0,7.0,2116.0,20.0,2125.0,2297.0,2528.0,2199.0,2304.3571428571427,-13.0,1,3,0
2025-03-12,6.0,18.0,2.0,2113.0,8.0,2116.0,2287.0,2520.0,2174.1428571428573,2275.285714285714,-6.0,2,3,0
2025-03-13,4.0,20.0,9.0,2116.0,6.0,2113.0,2272.0,2423.0,2151.8571428571427,2253.3571428571427,3.0,3,3,1
2025-03-16,1.0,9.0,8.0,2117.0,5.0,2116.0,2238.0,2413.0,2134.5714285714284,2232.214285714286,3.0,6,3,1
2025-03-17,5.0,14.0,0.0,2111.0,8.0,2117.0,2218.0,2413.0,2119.285714285714,2210.6428571428573,-8.0,0,3,0
2025-03-18,19.0,34.0,6.0,2109.0,8.0,2111.0,2137.0,2411.0,2115.285714285714,2189.0714285714284,-2.0,1,3,0
2025-03-19,6.0,22.0,14.0,2119.0,9.0,2109.0,2125.0,2391.0,2114.4285714285716,2169.6428571428573,5.0,2,3,1
2025-03-20,9.0,20.0,11.0,2124.0,7.0,2119.0,2116.0,2297.0,2115.5714285714284,2157.285714285714,4.0,3,3,1
2025-03-23,15.0,29.0,9.0,2136.0,2.0,2124.0,2113.0,2287.0,2118.8571428571427,2146.5,7.0,6,3,1
2025-03-24,7.0,13.0,11.0,2139.0,7.0,2136.0,2116.0,2272.0,2122.1428571428573,2137.0,4.0,0,3,1
2025-03-25,12.0,19.0,7.0,2145.0,6.0,2139.0,2117.0,2238.0,2126.1428571428573,2130.3571428571427,1.0,1,3,1
2025-03-26,9.0,21.0,15.0,2159.0,2.0,2145.0,2111.0,2218.0,2133.0,2126.1428571428573,13.0,2,3,1
2025-03-27,1.0,19.0,13.0,2159.0,2.0,2159.0,2109.0,2137.0,2140.1428571428573,2127.714285714286,11.0,3,3,1
2025-03-30,9.0,20.0,5.0,2188.0,2.0,2159.0,2119.0,2125.0,2150.0,2132.214285714286,3.0,6,3,1
2025-03-31,9.0,25.0,8.0,2193.0,5.0,2188.0,2124.0,2116.0,2159.8571428571427,2137.714285714286,3.0,0,3,1
2025-04-01,17.0,36.0,7.0,2191.0,12.0,2193.0,2136.0,2113.0,2167.714285714286,2143.285714285714,-5.0,1,4,0
2025-04-02,5.0,31.0,16.0,2208.0,3.0,2191.0,2139.0,2116.0,2177.5714285714284,2149.8571428571427,13.0,2,4,1
2025-04-03,12.0,26.0,18.0,2223.0,8.0,2208.0,2145.0,2117.0,2188.714285714286,2157.4285714285716,10.0,3,4,1
2025-04-06,7.0,14.0,7.0,2234.0,11.0,2223.0,2159.0,2111.0,2199.4285714285716,2166.214285714286,-4.0,6,4,0
2025-04-07,12.0,22.0,9.0,2237.0,5.0,2234.0,2159.0,2109.0,2210.5714285714284,2175.3571428571427,4.0,0,4,1
2025-04-08,12.0,34.0,12.0,2243.0,9.0,2237.0,2188.0,2119.0,2218.4285714285716,2184.214285714286,3.0,1,4,1
2025-04-09,6.0,19.0,10.0,2251.0,5.0,2243.0,2193.0,2124.0,2226.714285714286,2193.285714285714,5.0,2,4,1
2025-04-10,18.0,25.0,17.0,2265.0,6.0,2251.0,2191.0,2136.0,2237.285714285714,2202.5,11.0,3,4,1
2025-04-11,8.0,22.0,8.0,2267.0,9.0,2265.0,2208.0,2139.0,2245.714285714286,2211.6428571428573,-1.0,4,4,0
2025-04-13,5.0,26.0,10.0,2283.0,3.0,2267.0,2223.0,2145.0,2254.285714285714,2221.5,7.0,6,4,1
2025-04-14,5.0,26.0,9.0,2282.0,13.0,2283.0,2234.0,2159.0,2261.1428571428573,2230.285714285714,-4.0,0,4,0
2025-04-15,4.0,19.0,12.0,2286.0,7.0,2282.0,2237.0,2159.0,2268.1428571428573,2239.3571428571427,5.0,1,4,1
2025-04-16,11.0,30.0,5.0,2291.0,8.0,2286.0,2243.0,2188.0,2275.0,2246.714285714286,-3.0,2,4,0
2025-04-17,7.0,26.0,10.0,2288.0,14.0,2291.0,2251.0,2193.0,2280.285714285714,2253.5,-4.0,3,4,0
2025-04-20,4.0,15.0,6.0,2305.0,4.0,2288.0,2265.0,2191.0,2286.0,2261.6428571428573,2.0,6,4,1
2025-04-21,10.0,25.0,5.0,2308.0,6.0,2305.0,2267.0,2208.0,2291.8571428571427,2268.785714285714,-1.0,0,4,0
2025-04-22,7.0,19.0,14.0,2305.0,17.0,2308.0,2283.0,2223.0,2295.0,2274.6428571428573,-3.0,1,4,0
2025-04-23,3.0,23.0,4.0,2300.0,11.0,2305.0,2282.0,2234.0,2297.5714285714284,2279.3571428571427,-7.0,2,4,0
2025-04-24,3.0,9.0,7.0,2294.0,13.0,2300.0,2286.0,2237.0,2298.714285714286,2283.4285714285716,-6.0,3,4,0
2025-04-27,9.0,40.0,12.0,2301.0,4.0,2294.0,2291.0,2243.0,2300.1428571428573,2287.5714285714284,8.0,6,4,1
2025-04-28,6.0,26.0,12.0,2307.0,8.0,2301.0,2288.0,2251.0,2302.8571428571427,2291.5714285714284,4.0,0,4,1
2025-04-29,11.0,25.0,11.0,2304.0,15.0,2307.0,2305.0,2265.0,2302.714285714286,2294.3571428571427,-4.0,1,4,0
2025-04-30,7.0,34.0,9.0,2309.0,12.0,2304.0,2308.0,2267.0,2302.8571428571427,2297.3571428571427,-3.0,2,4,0
2025-05-01,13.0,32.0,14.0,2306.0,16.0,2309.0,2305.0,2283.0,2303.0,2299.0,-2.0,3,5,0
2025-05-04,9.0,31.0,10.0,2335.0,5.0,2306.0,2300.0,2282.0,2308.0,2302.785714285714,5.0,6,5,1
2025-05-05,15.0,44.0,20.0,2331.0,17.0,2335.0,2294.0,2286.0,2313.285714285714,2306.0,3.0,0,5,1
2025-05-06,10.0,33.0,16.0,2339.0,16.0,2331.0,2301.0,2291.0,2318.714285714286,2309.4285714285716,0.0,1,5,0
2025-05-07,10.0,30.0,15.0,2335.0,10.0,2339.0,2307.0,2288.0,2322.714285714286,2312.785714285714,5.0,2,5,1
2025-05-08,15.0,24.0,16.0,2361.0,11.0,2335.0,2304.0,2305.0,2330.8571428571427,2316.785714285714,5.0,3,5,1
2025-05-11,15.0,20.0,12.0,2385.0,3.0,2361.0,2309.0,2308.0,2341.714285714286,2322.285714285714,9.0,6,5,1
2025-05-12,7.0,33.0,14.0,2392.0,7.0,2385.0,2306.0,2305.0,2354.0,2328.5,7.0,0,5,1
2025-05-13,18.0,29.0,12.0,2394.0,11.0,2392.0,2335.0,2300.0,2362.4285714285716,2335.214285714286,1.0,1,5,1
2025-05-14,7.0,30.0,14.0,2394.0,11.0,2394.0,2331.0,2294.0,2371.4285714285716,2342.3571428571427,3.0,2,5,1
2025-05-15,15.0,31.0,14.0,2410.0,14.0,2394.0,2339.0,2301.0,2381.5714285714284,2350.1428571428573,0.0,3,5,0
2025-05-18,13.0,28.0,14.0,2437.0,9.0,2410.0,2335.0,2307.0,2396.1428571428573,2359.4285714285716,5.0,6,5,1
2025-05-19,7.0,27.0,17.0,2457.0,6.0,2437.0,2361.0,2304.0,2409.8571428571427,2370.3571428571427,11.0,0,5,1
2025-05-21,14.0,62.0,13.0,2467.0,18.0,2457.0,2385.0,2309.0,2421.5714285714284,2381.6428571428573,-5.0,2,5,0
2025-05-22,18.0,36.0,17.0,2473.0,15.0,2467.0,2392.0,2306.0,2433.1428571428573,2393.5714285714284,2.0,3,5,1
2025-05-27,6.0,24.0,7.0,2504.0,11.0,2473.0,2394.0,2335.0,2448.8571428571427,2405.6428571428573,-4.0,1,5,0
2025-05-28,12.0,39.0,12.0,2499.0,14.0,2504.0,2394.0,2331.0,2463.8571428571427,2417.6428571428573,-2.0,2,5,0
2025-05-29,13.0,38.0,15.0,2506.0,11.0,2499.0,2410.0,2339.0,2477.5714285714284,2429.5714285714284,4.0,3,5,1
2025-06-01,8.0,24.0,16.0,2528.0,12.0,2506.0,2437.0,2335.0,2490.5714285714284,2443.3571428571427,4.0,6,6,1
2025-06-02,10.0,19.0,5.0,2518.0,16.0,2528.0,2457.0,2361.0,2499.285714285714,2454.5714285714284,-11.0,0,6,0
2025-06-03,5.0,23.0,11.0,2519.0,15.0,2518.0,2467.0,2385.0,2506.714285714286,2464.1428571428573,-4.0,1,6,0
2025-06-04,4.0,16.0,9.0,2516.0,16.0,2519.0,2473.0,2392.0,2512.8571428571427,2473.0,-7.0,2,6,0
2025-06-05,8.0,26.0,5.0,2503.0,21.0,2516.0,2504.0,2394.0,2512.714285714286,2480.785714285714,-16.0,3,6,0
2025-06-08,10.0,16.0,15.0,2507.0,13.0,2503.0,2499.0,2394.0,2513.8571428571427,2488.8571428571427,2.0,6,6,1
2025-06-09,8.0,21.0,14.0,2516.0,9.0,2507.0,2506.0,2410.0,2515.285714285714,2496.4285714285716,5.0,0,6,1
2025-06-10,17.0,28.0,7.0,2511.0,12.0,2516.0,2528.0,2437.0,2512.8571428571427,2501.714285714286,-5.0,1,6,0
2025-06-17,7.0,24.0,10.0,2523.0,14.0,2511.0,2518.0,2457.0,2513.5714285714284,2506.4285714285716,-4.0,1,6,0
2025-06-19,8.0,19.0,7.0,2501.0,18.0,2523.0,2519.0,2467.0,2511.0,2508.8571428571427,-11.0,3,6,0
2025-06-22,7.0,13.0,5.0,2508.0,7.0,2501.0,2516.0,2473.0,2509.8571428571427,2511.3571428571427,-2.0,6,6,0
2025-06-23,3.0,15.0,5.0,2495.0,17.0,2508.0,2503.0,2504.0,2508.714285714286,2510.714285714286,-12.0,0,6,0
2025-06-24,5.0,20.0,5.0,2489.0,16.0,2495.0,2507.0,2499.0,2506.1428571428573,2510.0,-11.0,1,6,0
2025-06-25,6.0,12.0,2.0,2470.0,24.0,2489.0,2516.0,2506.0,2499.5714285714284,2507.4285714285716,-22.0,2,6,0
2025-06-26,3.0,9.0,7.0,2447.0,35.0,2470.0,2511.0,2528.0,2490.4285714285716,2501.6428571428573,-28.0,3,6,0
2025-06-29,5.0,17.0,7.0,2413.0,20.0,2447.0,2523.0,2518.0,2474.714285714286,2494.1428571428573,-13.0,6,6,0
2025-06-30,9.0,22.0,8.0,2407.0,16.0,2413.0,2501.0,2519.0,2461.285714285714,2486.1428571428573,-8.0,0,6,0
2025-07-01,7.0,14.0,6.0,2391.0,22.0,2407.0,2508.0,2516.0,2444.5714285714284,2477.214285714286,-16.0,1,7,0
2025-07-02,8.0,20.0,9.0,2373.0,38.0,2391.0,2495.0,2503.0,2427.1428571428573,2467.9285714285716,-29.0,2,7,0
2025-07-06,4.0,17.0,2.0,2332.0,8.0,2373.0,2489.0,2507.0,2404.714285714286,2455.4285714285716,-6.0,6,7,0
2025-07-07,3.0,18.0,8.0,2317.0,20.0,2332.0,2470.0,2516.0,2382.8571428571427,2441.214285714286,-12.0,0,7,0
2025-07-08,5.0,16.0,8.0,2306.0,20.0,2317.0,2447.0,2511.0,2362.714285714286,2426.5714285714284,-12.0,1,7,0
2025-07-09,2.0,18.0,0.0,2281.0,32.0,2306.0,2413.0,2523.0,2343.8571428571427,2409.285714285714,-32.0,2,7,0
2025-07-10,2.0,12.0,3.0,2252.0,39.0,2281.0,2407.0,2501.0,2321.714285714286,2391.5,-36.0,3,7,0
2025-07-13,1.0,13.0,4.0,2204.0,10.0,2252.0,2391.0,2508.0,2295.0,2369.785714285714,-6.0,6,7,0
2025-07-14,2.0,9.0,1.0,2181.0,26.0,2204.0,2373.0,2495.0,2267.5714285714284,2347.3571428571427,-25.0,0,7,0
2025-07-15,0.0,8.0,5.0,2171.0,17.0,2181.0,2332.0,2489.0,2244.5714285714284,2324.6428571428573,-12.0,1,7,0
2025-07-16,1.0,9.0,0.0,2164.0,11.0,2171.0,2317.0,2470.0,2222.714285714286,2302.785714285714,-11.0,2,7,0
2025-07-17,3.0,16.0,2.0,2153.0,17.0,2164.0,2306.0,2447.0,2200.8571428571427,2281.785714285714,-15.0,3,7,0
2025-07-21,4.0,18.0,7.0,2121.0,16.0,2153.0,2281.0,2413.0,2178.0,2260.9285714285716,-9.0,0,7,0
2025-07-22,5.0,13.0,3.0,2117.0,16.0,2121.0,2252.0,2407.0,2158.714285714286,2240.214285714286,-13.0,1,7,0
2025-07-23,6.0,21.0,5.0,2111.0,14.0,2117.0,2204.0,2391.0,2145.4285714285716,2220.214285714286,-9.0,2,7,0
2025-07-24,6.0,18.0,7.0,2096.0,29.0,2111.0,2181.0,2373.0,2133.285714285714,2200.4285714285716,-22.0,3,7,0
2025-07-27,1.0,12.0,2.0,2088.0,4.0,2096.0,2171.0,2332.0,2121.4285714285716,2183.0,-2.0,6,7,0
2025-07-28,2.0,9.0,3.0,2080.0,14.0,2088.0,2164.0,2317.0,2109.4285714285716,2166.0714285714284,-11.0,0,7,0
2025-07-29,2.0,8.0,3.0,2072.0,12.0,2080.0,2153.0,2306.0,2097.8571428571427,2149.3571428571427,-9.0,1,7,0
2025-07-30,4.0,15.0,4.0,2063.0,16.0,2072.0,2121.0,2281.0,2089.5714285714284,2133.785714285714,-12.0,2,7,0
2025-07-31,2.0,9.0,6.0,2058.0,15.0,2063.0,2117.0,2252.0,2081.1428571428573,2119.9285714285716,-9.0,3,7,0
2025-08-03,5.0,26.0,3.0,2049.0,5.0,2058.0,2111.0,2204.0,2072.285714285714,2108.8571428571427,-2.0,6,8,0
2025-08-04,5.0,22.0,11.0,2040.0,14.0,2049.0,2096.0,2181.0,2064.285714285714,2098.785714285714,-3.0,0,8,0
2025-08-05,2.0,21.0,10.0,2042.0,14.0,2040.0,2088.0,2171.0,2057.714285714286,2089.5714285714284,-4.0,1,8,0
2025-08-06,4.0,17.0,3.0,2036.0,13.0,2042.0,2080.0,2164.0,2051.4285714285716,2080.4285714285716,-10.0,2,8,0
2025-08-07,4.0,18.0,6.0,2031.0,17.0,2036.0,2072.0,2153.0,2045.5714285714287,2071.714285714286,-11.0,3,8,0
2025-08-10,0.0,18.0,8.0,2006.0,12.0,2031.0,2063.0,2121.0,2037.4285714285713,2063.5,-4.0,6,8,0
2025-08-11,6.0,23.0,4.0,1999.0,16.0,2006.0,2058.0,2117.0,2029.0,2055.0714285714284,-12.0,0,8,0
2025-08-12,8.0,38.0,9.0,1999.0,9.0,1999.0,2049.0,2111.0,2021.857142857143,2047.0714285714287,0.0,1,8,0
2025-08-13,6.0,22.0,12.0,1997.0,17.0,1999.0,2040.0,2096.0,2015.7142857142858,2040.0,-5.0,2,8,0
2025-08-14,3.0,27.0,4.0,1994.0,11.0,1997.0,2042.0,2088.0,2008.857142857143,2033.2857142857142,-7.0,3,8,0
2025-08-17,4.0,14.0,2.0,1991.0,3.0,1994.0,2036.0,2080.0,2002.4285714285713,2026.9285714285713,-1.0,6,8,0
2025-08-18,4.0,20.0,6.0,1985.0,14.0,1991.0,2031.0,2072.0,1995.857142857143,2020.7142857142858,-8.0,0,8,0
2025-08-19,5.0,35.0,3.0,1980.0,11.0,1985.0,2006.0,2063.0,1992.142857142857,2014.7857142857142,-8.0,1,8,0
2025-08-20,10.0,38.0,10.0,1983.0,10.0,1980.0,1999.0,2058.0,1989.857142857143,2009.4285714285713,0.0,2,8,0
2025-08-21,6.0,49.0,8.0,1972.0,21.0,1983.0,1999.0,2049.0,1986.0,2003.9285714285713,-13.0,3,8,0
2025-08-24,4.0,21.0,5.0,1981.0,5.0,1972.0,1997.0,2040.0,1983.7142857142858,1999.7142857142858,0.0,6,8,0
2025-08-25,8.0,30.0,8.0,1980.0,11.0,1981.0,1994.0,2042.0,1981.7142857142858,1995.2857142857142,-3.0,0,8,0
2025-08-26,10.0,21.0,20.0,1989.0,15.0,1980.0,1991.0,2036.0,1981.4285714285713,1991.9285714285713,5.0,1,8,1
2025-08-27,5.0,19.0,9.0,1988.0,19.0,1989.0,1985.0,2031.0,1981.857142857143,1988.857142857143,-10.0,2,8,0
2025-08-28,8.0,33.0,6.0,1984.0,17.0,1988.0,1980.0,2006.0,1982.4285714285713,1987.2857142857142,-11.0,3,8,0
2025-09-01,10.0,29.0,17.0,2010.0,5.0,1984.0,1983.0,1999.0,1986.2857142857142,1988.0714285714287,12.0,0,9,1
2025-09-02,6.0,35.0,9.0,2020.0,9.0,2010.0,1972.0,1999.0,1993.142857142857,1989.5714285714287,0.0,1,9,0
2025-09-03,4.0,29.0,11.0,2019.0,10.0,2020.0,1981.0,1997.0,1998.5714285714287,1991.142857142857,1.0,2,9,1
2025-09-04,11.0,40.0,2.0,2015.0,14.0,2019.0,1980.0,1994.0,2003.5714285714287,1992.642857142857,-12.0,3,9,0
2025-09-07,4.0,19.0,9.0,2026.0,7.0,2015.0,1989.0,1991.0,2008.857142857143,1995.142857142857,2.0,6,9,1
2025-09-08,7.0,25.0,5.0,2025.0,6.0,2026.0,1988.0,1985.0,2014.142857142857,1998.0,-1.0,0,9,0
2025-09-09,18.0,42.0,11.0,2023.0,14.0,2025.0,1984.0,1980.0,2019.7142857142858,2001.0714285714287,-3.0,1,9,0
2025-09-10,10.0,47.0,14.0,2025.0,18.0,2023.0,2010.0,1983.0,2021.857142857143,2004.0714285714287,-4.0,2,9,0
2025-09-11,12.0,38.0,29.0,2047.0,6.0,2025.0,2020.0,1972.0,2025.7142857142858,2009.4285714285713,23.0,3,9,1
2025-09-14,7.0,39.0,13.0,2083.0,5.0,2047.0,2019.0,1981.0,2034.857142857143,2016.7142857142858,8.0,6,9,1
2025-09-15,9.0,47.0,10.0,2086.0,10.0,2083.0,2015.0,1980.0,2045.0,2024.2857142857142,0.0,0,9,0
2025-09-16,7.0,28.0,17.0,2095.0,12.0,2086.0,2026.0,1989.0,2054.8571428571427,2031.857142857143,5.0,1,9,1
2025-09-17,7.0,38.0,5.0,2096.0,13.0,2095.0,2025.0,1988.0,2065.0,2039.5714285714287,-8.0,2,9,0
2025-09-18,20.0,52.0,11.0,2096.0,14.0,2096.0,2023.0,1984.0,2075.4285714285716,2047.5714285714287,-3.0,3,9,0
2025-09-21,8.0,35.0,13.0,2134.0,5.0,2096.0,2025.0,2010.0,2091.0,2056.4285714285716,8.0,6,9,1
2025-09-22,17.0,40.0,14.0,2141.0,10.0,2134.0,2047.0,2020.0,2104.4285714285716,2065.0714285714284,4.0,0,9,1
2025-09-23,11.0,36.0,10.0,2145.0,15.0,2141.0,2083.0,2019.0,2113.285714285714,2074.0714285714284,-5.0,1,9,0
2025-09-24,3.0,38.0,12.0,2138.0,17.0,2145.0,2086.0,2015.0,2120.714285714286,2082.8571428571427,-5.0,2,9,0
2025-09-25,6.0,35.0,12.0,2132.0,18.0,2138.0,2095.0,2026.0,2126.0,2090.4285714285716,-6.0,3,9,0
2025-09-28,11.0,29.0,12.0,2146.0,9.0,2132.0,2096.0,2025.0,2133.1428571428573,2099.0714285714284,3.0,6,9,1
2025-09-29,8.0,35.0,12.0,2148.0,13.0,2146.0,2096.0,2023.0,2140.5714285714284,2108.0,-1.0,0,9,0
2025-09-30,8.0,32.0,12.0,2159.0,7.0,2148.0,2134.0,2025.0,2144.1428571428573,2117.5714285714284,5.0,1,9,1
2025-10-01,4.0,33.0,12.0,2163.0,14.0,2159.0,2141.0,2047.0,2147.285714285714,2125.8571428571427,-2.0,2,10,0
2025-10-02,20.0,51.0,15.0,2164.0,16.0,2163.0,2145.0,2083.0,2150.0,2131.6428571428573,-1.0,3,10,0
2025-10-05,8.0,28.0,13.0,2180.0,16.0,2164.0,2138.0,2086.0,2156.0,2138.3571428571427,-3.0,6,10,0
2025-10-06,5.0,33.0,15.0,2187.0,10.0,2180.0,2132.0,2095.0,2163.8571428571427,2144.9285714285716,5.0,0,10,1
2025-10-07,11.0,45.0,4.0,2189.0,10.0,2187.0,2146.0,2096.0,2170.0,2151.5714285714284,-6.0,1,10,0
2025-10-08,8.0,49.0,15.0,2192.0,17.0,2189.0,2148.0,2096.0,2176.285714285714,2158.4285714285716,-2.0,2,10,0
2025-10-09,11.0,55.0,13.0,2192.0,12.0,2192.0,2159.0,2134.0,2181.0,2162.5714285714284,1.0,3,10,1
2025-10-13,8.0,24.0,7.0,2223.0,6.0,2192.0,2163.0,2141.0,2189.5714285714284,2168.4285714285716,1.0,0,10,1
2025-10-14,7.0,30.0,16.0,2235.0,8.0,2223.0,2164.0,2145.0,2199.714285714286,2174.8571428571427,8.0,1,10,1
2025-10-15,8.0,29.0,10.0,2225.0,15.0,2235.0,2180.0,2138.0,2206.1428571428573,2181.0714285714284,-5.0,2,10,0
2025-10-16,9.0,33.0,15.0,2233.0,9.0,2225.0,2187.0,2132.0,2212.714285714286,2188.285714285714,6.0,3,10,1
2025-10-19,9.0,34.0,17.0,2237.0,7.0,2233.0,2189.0,2146.0,2219.5714285714284,2194.785714285714,10.0,6,10,1
2025-10-20,10.0,39.0,6.0,2243.0,7.0,2237.0,2192.0,2148.0,2226.8571428571427,2201.5714285714284,-1.0,0,10,0
2025-10-21,13.0,39.0,17.0,2251.0,9.0,2243.0,2192.0,2159.0,2235.285714285714,2208.1428571428573,8.0,1,10,1
2025-10-22,12.0,42.0,13.0,2261.0,12.0,2251.0,2223.0,2163.0,2240.714285714286,2215.1428571428573,1.0,2,10,1
2025-10-23,4.0,27.0,26.0,2266.0,18.0,2261.0,2235.0,2164.0,2245.1428571428573,2222.4285714285716,8.0,3,10,1
2025-10-26,4.0,35.0,12.0,2276.0,10.0,2266.0,2225.0,2180.0,2252.4285714285716,2229.285714285714,2.0,6,10,1
2025-10-27,2.0,31.0,8.0,2282.0,11.0,2276.0,2233.0,2187.0,2259.4285714285716,2236.0714285714284,-3.0,0,10,0
2025-10-28,6.0,22.0,11.0,2286.0,6.0,2282.0,2237.0,2189.0,2266.4285714285716,2243.0,5.0,1,10,1
2025-10-29,6.0,25.0,4.0,2280.0,17.0,2286.0,2243.0,2192.0,2271.714285714286,2249.285714285714,-13.0,2,10,0
2025-10-30,3.0,17.0,14.0,2287.0,12.0,2280.0,2251.0,2192.0,2276.8571428571427,2256.0714285714284,2.0,3,10,1
2025-11-02,5.0,21.0,10.0,2277.0,7.0,2287.0,2261.0,2223.0,2279.1428571428573,2259.9285714285716,3.0,6,11,1
2025-11-03,3.0,28.0,5.0,2269.0,12.0,2277.0,2266.0,2235.0,2279.5714285714284,2262.3571428571427,-7.0,0,11,0
2025-11-04,6.0,33.0,6.0,2270.0,8.0,2269.0,2276.0,2225.0,2278.714285714286,2265.5714285714284,-2.0,1,11,0
2025-11-05,8.0,41.0,8.0,2272.0,7.0,2270.0,2282.0,2233.0,2277.285714285714,2268.3571428571427,1.0,2,11,1
2025-11-06,6.0,33.0,9.0,2264.0,19.0,2272.0,2286.0,2237.0,2274.1428571428573,2270.285714285714,-10.0,3,11,0
2025-11-09,11.0,33.0,5.0,2294.0,4.0,2264.0,2280.0,2243.0,2276.1428571428573,2273.9285714285716,1.0,6,11,1
2025-11-11,11.0,39.0,12.0,2294.0,14.0,2294.0,2287.0,2251.0,2277.1428571428573,2277.0,-2.0,1,11,0
2025-11-12,14.0,48.0,20.0,2302.0,7.0,2294.0,2277.0,2261.0,2280.714285714286,2279.9285714285716,13.0,2,11,1
2025-11-13,6.0,26.0,16.0,2317.0,5.0,2302.0,2269.0,2266.0,2287.5714285714284,2283.5714285714284,11.0,3,11,1
2025-11-16,5.0,22.0,3.0,2340.0,5.0,2317.0,2270.0,2276.0,2297.5714285714284,2288.1428571428573,-2.0,6,11,0
2025-11-17,1.0,35.0,6.0,2343.0,8.0,2340.0,2272.0,2282.0,2307.714285714286,2292.5,-2.0,0,11,0
2025-11-18,2.0,38.0,8.0,2345.0,12.0,2343.0,2264.0,2286.0,2319.285714285714,2296.714285714286,-4.0,1,11,0
2025-11-19,7.0,32.0,3.0,2340.0,10.0,2345.0,2294.0,2280.0,2325.8571428571427,2301.0,-7.0,2,11,0
2025-11-20,18.0,57.0,8.0,2340.0,9.0,2340.0,2294.0,2287.0,2332.4285714285716,2304.785714285714,-1.0,3,11,0
2025-11-23,3.0,46.0,22.0,2375.0,1.0,2340.0,2302.0,2277.0,2342.8571428571427,2311.785714285714,21.0,6,11,1
2025-11-24,9.0,40.0,9.0,2371.0,13.0,2375.0,2317.0,2269.0,2350.5714285714284,2319.0714285714284,-4.0,0,11,0
2025-11-25,6.0,47.0,14.0,2375.0,11.0,2371.0,2340.0,2270.0,2355.5714285714284,2326.5714285714284,3.0,1,11,1
2025-11-27,4.0,24.0,8.0,2389.0,7.0,2375.0,2343.0,2272.0,2362.1428571428573,2334.9285714285716,1.0,3,11,1
2025-11-30,4.0,18.0,10.0,2415.0,0.0,2389.0,2345.0,2264.0,2372.1428571428573,2345.714285714286,10.0,6,11,1
2025-12-01,4.0,26.0,4.0,2410.0,9.0,2415.0,2340.0,2294.0,2382.1428571428573,2354.0,-5.0,0,12,0
2025-12-02,7.0,34.0,6.0,2407.0,8.0,2410.0,2340.0,2294.0,2391.714285714286,2362.0714285714284,-2.0,1,12,0
2025-12-03,4.0,32.0,8.0,2419.0,7.0,2407.0,2375.0,2302.0,2398.0,2370.4285714285716,1.0,2,12,1
2025-12-04,16.0,39.0,7.0,2418.0,13.0,2419.0,2371.0,2317.0,2404.714285714286,2377.6428571428573,-6.0,3,12,0
2025-12-07,4.0,24.0,13.0,2429.0,12.0,2418.0,2375.0,2340.0,2412.4285714285716,2384.0,1.0,6,12,1
2025-12-08,9.0,27.0,9.0,2440.0,4.0,2429.0,2389.0,2343.0,2419.714285714286,2390.9285714285716,5.0,0,12,1
2025-12-09,4.0,30.0,7.0,2443.0,8.0,2440.0,2415.0,2345.0,2423.714285714286,2397.9285714285716,-1.0,1,12,0
2025-12-10,10.0,54.0,5.0,2439.0,9.0,2443.0,2410.0,2340.0,2427.8571428571427,2405.0,-4.0,2,12,0
2025-12-11,7.0,47.0,9.0,2437.0,10.0,2439.0,2407.0,2340.0,2432.1428571428573,2411.9285714285716,-1.0,3,12,0
2025-12-14,8.0,35.0,4.0,2462.0,8.0,2437.0,2419.0,2375.0,2438.285714285714,2418.1428571428573,-4.0,6,12,0
2025-12-15,11.0,42.0,9.0,2470.0,7.0,2462.0,2418.0,2371.0,2445.714285714286,2425.214285714286,2.0,0,12,1
2025-12-16,8.0,54.0,15.0,2468.0,9.0,2470.0,2429.0,2375.0,2451.285714285714,2431.8571428571427,6.0,1,12,1
2025-12-17,7.0,31.0,11.0,2481.0,10.0,2468.0,2440.0,2389.0,2457.1428571428573,2438.4285714285716,1.0,2,12,1
2025-12-18,11.0,50.0,6.0,2472.0,16.0,2481.0,2443.0,2415.0,2461.285714285714,2442.5,-10.0,3,12,0
2025-12-21,6.0,18.0,11.0,2484.0,14.0,2472.0,2439.0,2410.0,2467.714285714286,2447.785714285714,-3.0,6,12,0
2025-12-21,93.52361111111111,171.49444444444444,128.66805555555555,6061.275,181.0,2484.0,2437.0,2407.0,2985.467857142857,2708.8053571428572,-52.331944444444446,6,12,0
